,광고그룹,키워드,노출수,클릭수,"총비용(VAT포함,원)"
0, 디자인 툴_파워컨텐츠_포토샵,-,2319456,9606.0,2512444
1, 업무자동화_VBA,-,767491,8058.0,2384965
2,ㅍAOP 전체_중복키워드_디자인(삭제),일러스트,1137840,324.0,1568699
3, 데이터 분석 입문 온라인_파콘,-,694106,1863.6,1175174
4,3. html,HTML,9626374,813.6,1145903
5,6. 파이썬,파이썬,384522,260.4,964876
6,1. 코딩,코딩,562162,271.2,879560
7,2. C언어 일반,C언어,271370,153.6,809358
8,프로그래밍 전체_파워컨텐츠_블록체인(삭제),가상화폐,91369,2838.0,803770
9,AOP 전체_중복키워드_디자인,포토샵,1887822,393.59999999999997,753247
10,디지털 마케팅 스쿨 13기_대표키워드,마케팅교육,11661,140.4,702229
11,인스타그램 마케팅,인스타팔로워늘리기,36201,873.6,671803
12,블록체인 신사업 시작하기,블록체인,200243,236.39999999999998,643478
13,AOP 전체_중복키워드_비지니스,엑셀,1470452,450.0,633897
14, 업무자동화_VBA,엑셀배우기,18588,2097.6,562870
15, 업무자동화_VBA,엑셀자격증,37558,1770.0,511181
16, 업무자동화_2. 파이썬,파이썬교육,1226,56.4,498069
17, 1인 쇼핑몰 시작하기_00.창업_PC,인터넷쇼핑몰창업,17912,152.4,487696
18, 영상 제작/편집_6.프리미어프로,영상편집,125885,90.0,483032
19,6. 파이썬,파이썬인강,3175,196.79999999999998,478467
20,1. 모바일앱개발_교육,어플개발,8033,84.0,455939
21, UX/UI 디자인 입문_연관검색어,UIUX디자인,9627,118.8,437767
22,1. 코딩,코딩인강,2503,218.4,428670
23,1. 모바일앱개발_교육,앱개발,23962,103.2,411092
24,1. 모바일앱개발_교육,어플제작,6496,79.2,410652
25, 데이터 분석 입문(파컨),-,139717,618.0,393327
26, 디자인 툴_파워컨텐츠_포토샵,포토샵,124068,2535.6,381359
27, 디자인 툴_파워컨텐츠_포토샵,영상편집,10710,278.4,376618
28,1. 모바일앱개발_교육,앱제작,4324,79.2,375023
29, 업무자동화_VBA,컴퓨터활용능력,139729,1534.8,367147
30,인스타그램 마케팅,인스타팔로워,55806,542.4,355663
31,JavaScript BOOT CAMP,자바스크립트,29305,58.8,337766
32, 디자인 툴_파워컨텐츠_포토샵,포토샵배우기,12700,1725.6,337117
33,1. 일반_PC,게임학원,6163,36.0,337051
34,프로그래밍 전체_파워컨텐츠_블록체인(삭제),이더리움,39710,1396.8,334961
35, 데이터 분석 입문 온라인_파콘,머신러닝,22073,931.1999999999999,317779
36,ㅍAOP 전체_중복키워드_디자인(삭제),영상제작,62542,49.199999999999996,316448
37,디지털 마케팅 스쿨 13기_대표키워드,SNS마케팅교육,3378,96.0,312664
38,AOP 전체_중복키워드_공통,데이터사이언스,4336,66.0,305195
39, 업무자동화_VBA,컴퓨터활용능력2급,88751,1282.8,300058
40,AOP 전체_중복키워드_프로그래밍,파이썬강좌,3489,38.4,294085
41,003.퍼포먼스 마케팅,구글광고,6535,70.8,291346
42,2. 프로그래밍,프로그래밍인강,1568,135.6,282480
43, 업무자동화_VBA,컴퓨터활용능력1급,94757,1191.6,282018
44,마케팅 유치원,마케팅교육,9161,105.6,270963
45, 업무자동화_VBA,컴퓨터자격증종류,21458,892.8,267597
46,1. 모바일앱개발_교육,어플만들기,6353,54.0,264704
47, 업무자동화_1. 자동화,업무자동화,11662,49.199999999999996,259655
48,ㅍAOP 전체_중복키워드_디자인(삭제),포토샵,1021846,157.2,255475
49, 브랜딩,브랜딩,35200,98.39999999999999,246543
50,ㅍ 브랜딩,브랜딩,35049,106.8,236962
51, 콘텐츠 마케팅_카피라이팅,상세페이지제작,15835,110.39999999999999,228096
52,AOP 전체_중복키워드_데이터사이언스,데이터사이언스,3860,50.4,218955
53,8. 시스템 프로그래밍,리눅스,281599,86.39999999999999,218647
54,AOP 전체_중복키워드_디자인,포토샵강좌,34653,42.0,214720
55,1. 코딩,코딩프로그램,15300,82.8,211387
56,ㅍ UX/UI 디자인 입문_연관검색어(삭제),UIUX디자인,6216,73.2,210991
57, 프로그래밍 첫걸음 시작하기,-,88800,598.8,210650
58,AOP 전체_중복키워드_디자인,프리미어프로,213033,132.0,207702
59,페이스북&인스타그램 마케팅 실전,SNS마케팅교육,1215,78.0,206877
60, 디자인 툴_파워컨텐츠_포토샵,일러스트레이터,37912,754.8,203841
61,Python & Django를 활용한 웹 서비스_개발자,스프링,90942,68.39999999999999,202290
62,5. 자료구조,자료구조,38812,46.8,202037
63,ㅍ 브랜딩,브랜드네이밍,5038,87.6,201861
64,fin_camp_auction_6,경매,65170,204.0,200211
65, 1인 쇼핑몰_00.창업_MO,인터넷쇼핑몰창업,1691,54.0,199375
66, 1인 쇼핑몰 시작하기_00.창업_PC,온라인쇼핑몰창업,7263,79.2,197571
67,AOP 전체_중복키워드_비지니스,엑셀강의,11848,69.6,197076
68,003.퍼포먼스 마케팅,온라인마케팅교육,2681,73.2,193864
69, 업무자동화_2. 파이썬,파이썬강의,1405,39.6,188287
70,타이포그래피와 편집디자인,폰트,478588,474.0,187693
71, 디지털 마케팅_1. 디지털 마케팅,온라인마케팅교육,4712,54.0,186846
72,AOP 전체_중복키워드_마케팅,온라인마케팅,25645,43.199999999999996,185493
73,1. 모바일앱개발_교육,어플제작비용,1786,69.6,184646
74,fin_camp_auction_6,부동산경매,5087,50.4,181742
75,마케터를 위한 데이터 부트캠프,퍼포먼스마케팅,5131,55.199999999999996,180774
76,코딩으로 여행하는 블록체인 서비스,블록체인,82524,82.8,176946
77,2. C언어 일반,C++,17190,37.199999999999996,173129
78,1. 일반_PC,게임만드는프로그램,4908,39.6,171138
79,AOP 전체_중복키워드_비지니스,엑셀배우기,23329,69.6,162349
80,AOP 전체_중복키워드_마케팅,마케팅,152716,110.39999999999999,160556
81,1. 모바일앱개발_교육,앱만들기,4722,52.8,155804
82,AOP 전체_중복키워드_디자인,스케치,200487,133.2,155254
83,프로그래밍 전체_파워컨텐츠_블록체인(삭제),블록체인,64981,2798.4,154748
84,AOP 전체_중복키워드_디자인,영상제작,47189,28.799999999999997,153692
85, 1인 쇼핑몰 시작하기_02.쇼핑몰구축,쇼핑몰제작,10656,38.4,149468
86, 업무자동화_VBA,컴퓨터자격증,20796,476.4,147774
87,AOP 전체_중복키워드_디자인,에프터이펙트,60248,31.2,145530
88,1. 모바일앱개발_교육,어플리케이션제작,1229,26.4,144694
89,AOP 전체_중복키워드_디자인,일러스트,101109,34.8,144430
90,상업용 부동산 실무 입문 4기,강남빌딩매매,11028,32.4,141647
91, 디자인 툴_파워컨텐츠_포토샵,웹디자인,3889,106.8,140448
92, 디지털 마케팅_1. 디지털 마케팅,디지털마케팅,25573,43.199999999999996,139788
93,AOP 전체_중복키워드_디자인,포토샵강의,8190,46.8,137137
94,포토샵 유치원_일러스트레이터 유치원,포토샵,691814,129.6,136279
95, 디자인 툴_파워컨텐츠_포토샵,포토샵자격증,18602,1059.6,132748
96,고객의 마음을 읽는 구글애널리틱스,구글애널리틱스자격증,6196,90.0,132352
97,왕초보의 파이썬 웹 프로그래밍 CAMP,PYTHON,22657,36.0,127908
98,페이스북&인스타그램 마케팅 실전,페이스북광고,2794,49.199999999999996,127061
99, 콘텐츠 마케팅_영상바이럴,유튜브마케팅,44369,61.199999999999996,125851
100, 업무자동화_VBA,엑셀학원,4873,452.4,125785
101,1. 일반_PC,게임제작,35802,25.2,122221
102,fin_camp_auction_6,부동산투자,10660,18.0,122111
103, 콘텐츠 마케팅_영상바이럴,홍보영상,110768,48.0,120692
104,마케팅KPI수립,마케팅전략,9688,32.4,116446
105,AOP 전체_중복키워드_디자인,인디자인,108188,43.199999999999996,115390
106,6. 파이썬,PYTHON,72065,30.0,113509
107,프로그래밍 유치원,홈페이지만들기,5620,28.799999999999997,109813
108, 1인 쇼핑몰 시작하기_00.창업_PC,B2B사이트,3030,67.2,108405
109,JavaScript BOOT CAMP,JAVASCRIPT,6243,25.2,106172
110,ㅍAOP 전체_중복키워드_프로그래밍(삭제),파이썬강좌,2415,18.0,105765
111,페이스북&인스타그램 마케팅 실전,인스타그램광고,3726,42.0,105655
112,#000_마케팅 전체_main,마케팅,207265,116.39999999999999,104676
113, 콘텐츠 마케팅_영상바이럴,동영상제작,5388,36.0,104302
114,SEO/SEM 전략,SEO,6624,33.6,104049
115, 투자_파워콘텐츠,재테크,4810,300.0,102894
116, 1인 쇼핑몰 시작하기_00.창업_PC,쇼핑몰창업,23301,32.4,101728
117, 1인 쇼핑몰 시작하기_00.창업_PC,인터넷쇼핑몰,37930,85.2,101101
118,1. 일반_PC,게임프로그래밍학원,1174,13.2,100826
119,2. 프로그래밍,프로그래밍,68689,34.8,100419
120,상업용 부동산 실무 입문 4기,서울빌딩매매,1826,31.2,100166
121, 업무자동화_VBA,MOS자격증,42228,295.2,99110
122,ㅍAOP 전체_중복키워드_공통(삭제),데이터사이언스,3974,25.2,98835
123,1. 일반_PC,모바일게임제작,2244,20.4,98549
124, 콘텐츠 마케팅_영상바이럴,영상촬영,109005,45.6,98527
125,AOP 전체_중복키워드_비지니스,엑셀학원,1559,26.4,98153
126, 업무자동화_VBA,컴활1급,34497,379.2,97702
127, 콘텐츠 마케팅_대표키워드,유튜브크리에이터,47874,37.199999999999996,97416
128, 파이썬 웹 개발_2.프론트엔드기초,HTML,913844,80.39999999999999,95964
129, 디자인 툴_파워컨텐츠_포토샵,에프터이펙트,20104,242.39999999999998,95469
130, 업무자동화_4. VBA,엑셀VBA,38927,70.8,93665
131, 디자인 툴_파워컨텐츠_포토샵,포토샵학원,4188,186.0,93621
132, 금융공학/퀀트_01.파이썬기본&자동화,데이터베이스,152389,31.2,93269
133,타이포그래피와 편집디자인,글씨체,106648,216.0,91806
134, 디자인 툴_파워컨텐츠_포토샵,영상편집학원,2779,80.39999999999999,90805
135,TensorFlow로 시작하는 딥러닝 입문,텐서플로우,11409,78.0,90475
136, 1인 쇼핑몰 시작하기_02.쇼핑몰구축,쇼핑몰홈페이지제작,1391,21.599999999999998,86218
137, 업무자동화_3. 엑셀,엑셀교육,2599,33.6,86064
138,고객의 마음을 읽는 구글애널리틱스,그로스해킹,9487,109.2,85965
139,1. 일반_PC,게임개발,5246,10.799999999999999,85118
140,002.마케팅 입문,마케팅자격증,11558,144.0,85008
141, 업무자동화_VBA,컴활1급실기,34971,507.59999999999997,80718
142, 그로스해킹_5.마케팅 분석,광고대행사,5237,22.8,80630
143,1. 데이터분석입문_일반,통계학원,1197,46.8,79860
144,1. 모바일앱개발_교육,모바일앱개발,1037,21.599999999999998,78474
145,data_camp_rmp_8,R,290811,114.0,77715
146,1. 모바일앱개발_교육,안드로이드앱만들기,2915,24.0,77561
147, 업무자동화_2. 파이썬,파이썬기초,4997,13.2,77506
148, 투자_파워콘텐츠,주식,35889,297.59999999999997,76494
149,1. 모바일앱개발_교육,하이브리드앱,2161,22.8,76296
150,ㅍAOP 전체_중복키워드_마케팅(삭제),온라인마케팅,14312,22.8,75889
151,ㅍAOP 전체_중복키워드_디자인(삭제),인디자인,57942,30.0,75559
152,SEO/SEM 전략,검색엔진최적화,1232,21.599999999999998,75031
153, 업무자동화_3. 엑셀,엑셀실무,6797,42.0,74393
154, 업무자동화_VBA,컴활2급실기,38850,391.2,74305
155, 게임 개발,-,43858,234.0,73150
156, 업무자동화_VBA,컴활,61195,345.59999999999997,72787
157, 1인 쇼핑몰 시작하기_02.쇼핑몰구축,인터넷쇼핑몰제작,8407,16.8,72424
158,상업용 부동산 실무 입문 4기,상가빌딩매매,10778,18.0,72160
159,ㅍAOP 전체_중복키워드_마케팅(삭제),퍼포먼스마케팅,4422,24.0,71258
160, 1인 쇼핑몰_00.창업_MO,쇼핑몰,31759,56.4,70565
161, UX/UI 디자인 입문_연관검색어,UX디자인,5703,18.0,69707
162, 업무자동화_VBA,컴활2급,31563,310.8,67419
163,1. 일반_PC,유니티강좌,4291,13.2,65780
164,AOP 전체_중복키워드_디자인,프리미어,198096,39.6,64053
165,타이포그래피와 편집디자인,한글폰트,82983,206.4,63492
166, 업무자동화_4. VBA,VBA,81485,76.8,62095
167,1. 코딩,코딩이란,31868,33.6,60764
168,페이스북&인스타그램 마케팅 실전,SNS마케팅,2281,25.2,60621
169,ㅍAOP 전체_중복키워드_디자인(삭제),마블,907619,228.0,60533
170,마케터를 위한 데이터 해석 실전,GA자격증,3608,63.599999999999994,59081
171, 콘텐츠 마케팅_대표키워드,콘텐츠제작,3572,24.0,57981
172,AOP 전체_중복키워드_마케팅,구글애널리틱스,16760,38.4,57893
173,마케팅 전체,바이럴마케팅,3095998,261.59999999999997,57563
174, UX/UI 디자인 입문_연관검색어,UI디자인,7087,13.2,57409
175, 콘텐츠 마케팅_대표키워드,1인미디어,37024,31.2,57035
176,1. 경영 일반,경영,253775,80.39999999999999,56881
177,ㅍAOP 전체_중복키워드_디자인(삭제),포토샵자격증,10064,14.399999999999999,56716
178,Vue로 구현하는 PWA CAMP,하이브리드앱,1356,10.799999999999999,56254
179,AOP 전체_중복키워드_디자인,포토샵자격증,15316,14.399999999999999,56188
180, 브랜딩,브랜드네이밍,5675,24.0,55825
181, 디자인 툴_파워컨텐츠_포토샵,영상편집자격증,7544,172.79999999999998,55660
182,1. 전체,리플렛디자인,8128,21.599999999999998,54604
183, 디자인 툴_파워컨텐츠_포토샵,인디자인,20147,488.4,54450
184,001.데이터분석/ 통계,데이터사이언티스트,2427,50.4,53097
185,1. 일반_PC,유니티3D,5763,12.0,53020
186,5. javascript,자바스크립트,55573,16.8,52888
187,AOP 전체_중복키워드_디자인,일러스트레이터강좌,2757,19.2,52888
188,001.데이터분석/ 통계,데이터분석준전문가,11326,49.199999999999996,52151
189, 영상 제작/편집_6.프리미어프로,유튜브편집,77062,28.799999999999997,52063
190, 디자인 툴_파워컨텐츠_포토샵,모션그래픽,2452,36.0,52008
191,ㅍ1. 전체,리플렛디자인,3322,20.4,50402
192, 디자인 툴_파워컨텐츠_포토샵,포토샵강좌,2961,302.4,50369
193,Python & Django를 활용한 웹 서비스_개발자,SPRING,24925,18.0,49610
194,1. 전체,어도비일러스트레이터,31324,24.0,49005
195, 콘텐츠 마케팅_대표키워드,SNS광고,7888,16.8,48829
196, 1인 쇼핑몰 시작하기_05.상품촬영,쇼핑몰촬영,82039,24.0,48477
197,1. 컴퓨터공학 일반,컴공,231145,91.2,48444
198,AOP 전체_중복키워드_마케팅,브랜드마케팅,6540,9.6,48213
199,상업용 부동산 실무 입문 4기,창고매매,642191,78.0,48114
200,AOP 전체_중복키워드_데이터사이언스,데이터분석,7098,6.0,47685
201,ㅍAOP 전체_중복키워드_디자인(삭제),프리미어프로,127788,39.6,47597
202, 투자_파워콘텐츠,펀드,4855,178.79999999999998,46937
203,Python & Django를 활용한 웹 서비스_개발자,PHP,11304,13.2,46068
204,AOP 전체_중복키워드_디자인,UXUI,8957,27.599999999999998,45408
205, 파이썬 웹 개발_3.FLASK기초,SQL,7980,12.0,45375
206,ㅍ UX/UI 디자인 입문_연관검색어(삭제),UI디자인,2812,13.2,45276
207,왕초보의 파이썬 웹 프로그래밍 CAMP,웹크롤링,1929,13.2,45100
208, 디지털 마케팅_2. 페이스북 광고,페이스북광고,6750,15.6,44011
209,ㅍAOP 전체_중복키워드_디자인(삭제),포토샵강의,3292,15.6,43593
210, 투자_파워콘텐츠,투자,3567,135.6,42537
211,2. C언어 일반,C언어프로그램,8779,12.0,41668
212, 데이터 분석 입문 온라인_파콘,빅데이터자격증,5459,104.39999999999999,41327
213,1. 코딩,코딩사이트,3404,32.4,41239
214, 금융공학/퀀트_01.파이썬기본&자동화,파이썬프로그래밍,7171,8.4,40711
215,인스타그램 마케팅,인스타그램팔로워늘리기,9462,45.6,40557
216,1. 컴퓨터공학 일반,컴퓨터공학,26252,18.0,40381
217,상업용 부동산 실무 입문 4기,건물매입,4674,20.4,40029
218,AOP 전체_중복키워드_디자인,일러스트레이터,115582,13.2,39512
219,마케터를 위한 데이터 해석 실전,퍼포먼스마케팅,2419,25.2,39204
220, 영상 제작/편집_2.영상제작이론,영상제작,19186,12.0,39160
221,8. 시스템 프로그래밍,LINUX,50143,20.4,38643
222,대기업을 이기는 브랜딩 전략,브랜딩디자인,1378,24.0,38357
223,2. C언어 일반,C언어기초,3850,7.199999999999999,38016
224,ㅍAOP 전체_중복키워드_디자인(삭제),포토샵강좌,10559,9.6,37983
225, 영상 제작/편집_9.유튜브/유튜버,유튜브영상제작,2476,9.6,37565
226,1. 일반_PC,모바일게임개발,1554,7.199999999999999,37554
227, 금융공학/퀀_03.금융공학,딥러닝,41707,10.799999999999999,37367
228, 리더를 위한 HR/인재경영_1.인재,인사관리,21353,7.199999999999999,36960
229,포토샵 유치원_일러스트레이터 유치원,로고디자인,19614,33.6,36960
230,ㅍAOP 전체_중복키워드_디자인(삭제),일러스트레이터,96839,15.6,36817
231, 1인 쇼핑몰_00.창업_MO,쇼핑몰창업,2267,9.6,36718
232,ㅍAOP 전체_중복키워드_디자인(삭제),프리미어,157060,25.2,36685
233,대기업을 이기는 브랜딩 전략,브랜딩,3971,21.599999999999998,36476
234,내 아이템에 맞는 영상 콘텐츠 기획/제작,유튜브동영상,40372,33.6,36465
235, 업무자동화_VBA,컴퓨터학원,5352,67.2,36322
236,1. 일반_PC,게임만들기,8308,9.6,35739
237,ㅍ 브랜딩,브랜드디자인,3896,12.0,35189
238,ㅍ UX/UI 디자인 입문_연관검색어(삭제),UIUX,4332,18.0,34727
239,ㅍAOP 전체_중복키워드_데이터사이언스(삭제),데이터분석,2526,4.8,34507
240, 콘텐츠 마케팅_카피라이팅,카피라이팅,18352,33.6,33627
241, 디자인 툴_파워컨텐츠_포토샵,영상제작,3557,33.6,33528
242, 그로스해킹_1.용어,랜딩페이지,3805,21.599999999999998,33462
243,프로그래밍 유치원,프로그래밍독학,1468,9.6,33165
244, 콘텐츠 마케팅_대표키워드,유튜브제작,4829,13.2,33165
245,AOP 전체_중복키워드_마케팅,퍼포먼스마케팅,4673,10.799999999999999,33132
246,003.퍼포먼스 마케팅,빅데이터마케팅,1237,20.4,32967
247, 콘텐츠 마케팅_대표키워드,인스타그램광고,16734,12.0,32780
248,AOP 전체_중복키워드_마케팅,GA,14655,6.0,32593
249, 업무자동화_VBA,MOS,21298,91.2,32516
250,AOP 전체_중복키워드_디자인,어도비포토샵,43215,14.399999999999999,31933
251,1_벤처캐피탈에 대한 이해(벤처캐피탈),투자금,51003,62.4,31834
252,1. 일반_MO,게임제작,2025,4.8,31702
253, 영상 제작/편집_9.유튜브/유튜버,유튜브제작,4062,10.799999999999999,31504
254,002.R,RSTUDIO,9923,46.8,31328
255, 1인 쇼핑몰 시작하기_05.상품촬영,쇼핑몰사진촬영,1874,10.799999999999999,31185
256,PYTHON & DJANGO를 활용한  웹 서비스 개발,DJANGO,3382,36.0,31086
257, 디지털 마케팅_3. 구글 광고,GDN,10953,12.0,30998
258, 데이터 분석 입문 온라인_파콘,빅데이터,11916,48.0,30987
259,AOP 전체_중복키워드_마케팅,카드뉴스제작,1270,12.0,30822
260,ㅍAOP 전체_중복키워드_디자인(삭제),에프터이펙트,33511,8.4,29997
261, 1인 쇼핑몰 시작하기_06.해외쇼핑몰,해외쇼핑몰,4312,21.599999999999998,29744
262,LaTeX를 활용한 효율적 논문작성 Workshop,논문,134219,38.4,29546
263,1. 일반_PC,게임UI,7124,6.0,29282
264,인디자인 유치원,나만의책만들기,1398,45.6,29282
265,AOP 전체_중복키워드_마케팅,로그분석,9793,7.199999999999999,29172
266,AOP 전체_중복키워드_디자인,인디자인강좌,1633,10.799999999999999,29073
267, 업무자동화_3. 엑셀,엑셀함수,237356,33.6,29051
268,마케팅 전체,광고,742643,111.6,28743
269,001.데이터분석/ 통계,데이터사이언스,1673,22.8,28677
270, 1인 쇼핑몰 시작하기_02.쇼핑몰구축,쇼핑몰사이트제작,58612,10.799999999999999,28556
271,ㅍAOP 전체_중복키워드_비지니스(삭제),엑셀,387261,68.39999999999999,28468
272, 그로스해킹_5.마케팅 분석,영업관리,59724,8.4,28380
273,딥러닝으로 배우는 병렬처리 CAMP,TENSORFLOW,4110,9.6,28237
274,프로그래밍 유치원,삼성아카데미,10032,14.399999999999999,28138
275,#000_마케팅 전체_main,페이스북좋아요늘리기,5583,39.6,27852
276,ㅍAOP 전체_중복키워드_디자인(삭제),스케치,100107,34.8,27610
277, 디자인 툴_파워컨텐츠_포토샵,일러스트레이터강좌,1864,147.6,27379
278,ㅍAOP 전체_중복키워드_비지니스(삭제),엑셀배우기,9721,15.6,27291
279, 콘텐츠 마케팅_대표키워드,온라인마케팅회사,2389,19.2,26741
280,고객의 마음을 읽는 구글애널리틱스,애널리틱스,24043,18.0,26312
281, 투자_파워콘텐츠,재태크,3446,126.0,26290
282, 영상 제작/편집_3.촬영 기법/장비1,영상장비,10299,16.8,26224
283,AOP 전체_중복키워드_디자인,프리미어강좌,1197,10.799999999999999,25971
284,상업용 부동산 실무 입문 4기,서울건물매매,5026,13.2,25586
285,1. 일반_PC,UNITY,82310,7.199999999999999,25575
286, 업무자동화_VBA,모스자격증,16863,198.0,25564
287, UX/UI 디자인 입문_연관검색어,UIUX,5569,13.2,25102
288, FAST MBA_파워컨텐츠_아마존,-,19055,78.0,25080
289,마케팅 유치원,마케팅강의,2865,28.799999999999997,25025
290, 1인 쇼핑몰 시작하기_02.쇼핑몰구축,쇼핑몰통합관리,1288,6.0,24563
291, 투자_파워콘텐츠,펀드하는법,3026,248.39999999999998,24552
292,7. 운영체제,운영체제,155516,27.599999999999998,24486
293,실전 웹/앱 프로젝트 기획,상세페이지제작,1942,30.0,24376
294, 콘텐츠 마케팅_대표키워드,카드뉴스템플릿,15796,45.6,24112
295,AOP 전체_중복키워드_마케팅,카드뉴스만들기,12239,22.8,23969
296,ㅍ UX/UI 디자인 입문_연관검색어(삭제),UI,91405,21.599999999999998,23892
297,ㅍAOP 전체_중복키워드_마케팅(삭제),마케팅전략,8965,7.199999999999999,23628
298,2_투자유치를 위한 사업계획서 작성(투자유치),사업계획서,61370,14.399999999999999,23408
299, 영상 제작/편집_10.패캠강의,동영상강의,13993,12.0,23309
300, 1인 쇼핑몰_00.창업_MO,남자쇼핑몰,12463,33.6,23221
301, 금융공학/퀀트_01.파이썬기본&자동화,데이터분석,1300,4.8,23100
302, 콘텐츠 마케팅_영상바이럴,SNS영상,3479,13.2,22594
303,왕초보의 파이썬 웹 프로그래밍 CAMP,파이썬자격증,1121,6.0,22473
304,ㅍAOP 전체_중복키워드_마케팅(삭제),구글애널리틱스,9681,16.8,22352
305, 데이터 분석 입문 온라인_파콘,빅데이터전문가,5440,39.6,21868
306, 1인 쇼핑몰 시작하기_01.플랫폼,오픈마켓창업,1180,9.6,21516
307,#000_마케팅 전체_main,SNS마케팅,222896,25.2,21417
308,AOP 전체_중복키워드_비지니스,엑셀강좌,9511,9.6,21263
309,다빈치리졸브와 컬러그레이딩,다빈치리졸브,19139,50.4,21076
310, 업무자동화_3. 엑셀,엑셀프로그램,52098,22.8,20999
311,파이썬을 통한 금융 데이터 수집과 분석 자동화 16기,투자분석,2595,4.8,20779
312,실전 웹 UX/UI 디자인,반응형홈페이지,1268,22.8,20779
313, 1인 쇼핑몰 시작하기_06.해외쇼핑몰,구매대행쇼핑몰,2223,21.599999999999998,20746
314, 금융공학/퀀_03.금융공학,금융상품,21441,12.0,20713
315,고객의 마음을 읽는 구글애널리틱스,GAIQ,4652,42.0,20636
316,PYTHON & DJANGO를 활용한  웹 서비스 개발,장고,28291,25.2,20537
317,1. 전체,책디자인,1513,13.2,20482
318,1. 코딩,코딩배우기,3638,8.4,20449
319,인디자인 유치원,독립출판사,1926,40.8,20427
320, 콘텐츠 마케팅_대표키워드,MCN회사,18762,54.0,20152
321, 영상 제작/편집_7.에프터이펙트,유튜브스튜디오,3250,34.8,20119
322, 콘텐츠 마케팅_대표키워드,비디오커머스,5502,18.0,20053
323,파이썬 텍스트 마이닝,소프트웨어,188124,18.0,20053
324, 콘텐츠 마케팅_대표키워드,1인크리에이터,8453,18.0,19998
325,실전 웹 UX/UI 디자인,UXUI디자인,1594,25.2,19998
326,#000_마케팅 전체_main,페이스북마케팅,3975,12.0,19910
327,AOP 전체_중복키워드_마케팅,CRM,12531,4.8,19591
328,1. 코딩,코딩기초,1318,7.199999999999999,19481
329, 투자_파워콘텐츠,채권투자,3417,135.6,19393
330, 콘텐츠 마케팅_대표키워드,온라인홍보,10179,8.4,19371
331,data_camp_pcda_3,점프투파이썬,10307,25.2,19250
332,ㅍAOP 전체_중복키워드_디자인(삭제),UXUI,3627,12.0,19239
333,인디자인 유치원,책만들기,5492,27.599999999999998,19206
334,5_초기 스타트업 실제 투자사례(창업자),투자유치,9312,7.199999999999999,18975
335, 콘텐츠 마케팅_대표키워드,미디어커머스,7752,13.2,18744
336,1. 모바일앱개발_세부,어플만드는법,1009,8.4,18678
337,고객의 마음을 읽는 구글애널리틱스,GOOGLEANALYTICS,4021,22.8,18579
338,#000_마케팅 전체_main,SNS마케팅교육,1351,21.599999999999998,18370
339,Python & Django를 활용한 웹 서비스_일반,AJAX,42159,20.4,17974
340, 업무자동화_3. 엑셀,EXCEL,66397,14.399999999999999,17941
341,ㅍAOP 전체_중복키워드_비지니스(삭제),엑셀강의,4313,12.0,17754
342,001.데이터분석/ 통계,DATASCIENCE,1411,33.6,17655
343,#000_마케팅 전체_main,온라인마케팅,8336,20.4,17600
344,8. 시스템 프로그래밍,유닉스,230365,38.4,17534
345,블록체인 신사업 시작하기,BLOCKCHAIN,2807,13.2,17435
346,디지털 마케팅 스쿨 13기_대표키워드,마케팅취업,1599,14.399999999999999,17413
347,파이썬을 통한 금융 데이터 수집과 분석 자동화 16기,웹크롤링,4487,24.0,17281
348,타이포그래피와 편집디자인,서체,17775,46.8,17028
349,2. 프로그래밍,프로그래밍언어,38001,8.4,16896
350, 1인 쇼핑몰 시작하기_00.창업_PC,쇼핑몰구축,1823,3.5999999999999996,16764
351, 콘텐츠 마케팅_영상바이럴,유튜브영상제작,1761,7.199999999999999,16753
352,8. 시스템 프로그래밍,우분투,104470,30.0,16753
353,인스타그램 마케팅,인스타마케팅,1512,13.2,16709
354, 콘텐츠 마케팅_대표키워드,네이티브광고,2154,7.199999999999999,16676
355,ㅍAOP 전체_중복키워드_마케팅(삭제),구글광고,19506,10.799999999999999,16632
356,AOP 전체_중복키워드_마케팅,바이럴영상,4104,3.5999999999999996,16522
357,LaTeX를 활용한 효율적 논문작성 Workshop,LATEX,7024,25.2,16489
358, 콘텐츠 마케팅_영상바이럴,영상콘텐츠,2855,13.2,16434
359, 그로스해킹_1.용어,대시보드,38600,10.799999999999999,16412
360,005.머신러닝,캐글,3228,19.2,16170
361,ㅍAOP 전체_중복키워드_마케팅(삭제),CRM,3541,4.8,15994
362,AOP 전체_중복키워드_디자인,그래픽디자이너,9345,2.4,15873
363,#000_마케팅 전체_main,페이스북광고,6994,9.6,15873
364, 영상 제작/편집_5.일러스트,유튜브썸네일,9003,19.2,15862
365,data_camp_pcda_3,파이썬데이터분석,1119,26.4,15763
366,1. 전체,영상편집교육,3923,7.199999999999999,15554
367,ㅍAOP 전체_중복키워드_마케팅(삭제),마케팅,32960,14.399999999999999,15510
368, 디자인 툴_파워컨텐츠_포토샵,영상학원,1212,31.2,15411
369,타이포그래피와 편집디자인,손글씨폰트,14905,39.6,15356
370,ㅍAOP 전체_중복키워드_마케팅(삭제),브랜드마케팅,3488,4.8,15158
371, 프로그래밍 첫걸음 시작하기,컴퓨터자격증,2633,63.599999999999994,15092
372,왕초보의 파이썬 웹 프로그래밍 CAMP,웹서버,1633,3.5999999999999996,15059
373,ㅍAOP 전체_중복키워드_마케팅(삭제),그로스해킹,3375,18.0,14861
374,파이썬을 통한 금융 데이터 수집과 분석 자동화 16기,데이터수집,1352,6.0,14674
375,001.데이터분석/ 통계,엑셀데이터분석,2738,14.399999999999999,14641
376,파이썬을 통한 금융 데이터 수집과 분석 자동화 16기,EDA,2836,6.0,14476
377,내 아이템에 맞는 영상 콘텐츠 기획/제작,동영상편집,3529,8.4,14476
378,구글 광고,검색광고,3540,8.4,14454
379,고객의 마음을 읽는 구글애널리틱스,마케팅분석,1288,6.0,14388
380, 영상 제작/편집_1.크리에이터,유튜브채널,224102,64.8,14278
381, 업무자동화_VBA,컴활인강,8373,78.0,14267
382,ㅍ UX/UI 디자인 입문_연관검색어(삭제),UX디자인,2164,4.8,14124
383, 콘텐츠 마케팅_대표키워드,인스타그램홍보,19627,9.6,14069
384,인스타그램 마케팅,인스타그램좋아요늘리기,3506,22.8,13992
385,AOP 전체_중복키워드_마케팅,마케팅전략,20582,4.8,13970
386,ㅍAOP 전체_중복키워드_마케팅(삭제),카드뉴스제작,1320,8.4,13662
387, 데이터 분석 입문 온라인_파콘,빅데이터분석,2000,66.0,13640
388, 영상 제작/편집_3.촬영 기법/장비1,영상촬영장비,50250,19.2,13530
389,ㅍ 브랜딩,브랜딩디자인,1134,13.2,13431
390, 데이터 분석 입문 온라인_파콘,빅데이터분석가,1695,26.4,13376
391,ㅍAOP 전체_중복키워드_비지니스(삭제),엑셀VBA,6749,13.2,13299
392, 콘텐츠 마케팅_영상바이럴,동영상광고,23698,7.199999999999999,13277
393,딥러닝으로 배우는 병렬처리 CAMP_구버전,DEEPLEARNING,1411,7.199999999999999,13167
394,ㅍAOP 전체_중복키워드_마케팅(삭제),카드뉴스만들기,5230,12.0,13145
395, 디지털 마케팅_3. 구글 광고,구글광고,23106,7.199999999999999,13134
396, 콘텐츠 마케팅_카피라이팅,콘텐츠기획,8195,7.199999999999999,13112
397,내 아이템에 맞는 영상 콘텐츠 기획/제작,유튜브광고,13313,9.6,12991
398,건강한 조직을 만드는 HR 전략 WORKSHOP,노무관리,3519,2.4,12859
399, 업무자동화_VBA,컴활1급인강,4883,60.0,12771
400,타이포그래피와 편집디자인,판화,27843,32.4,12628
401, UX/UI 디자인 입문_연관검색어,UI,69373,12.0,12529
402, 디지털 마케팅_1. 디지털 마케팅,SNS마케팅,90988,9.6,12507
403,ㅍ1. 전체,어도비일러스트레이터,12313,8.4,12496
404, 영상 제작/편집_3.촬영 기법/장비1,유튜브조명,8575,18.0,12375
405,001.데이터분석/ 통계,데이터분석자격증,1737,10.799999999999999,12287
406,포토샵 유치원_일러스트레이터 유치원,디자이너,80233,14.399999999999999,12276
407,왕초보의 파이썬 웹 프로그래밍 CAMP,장고,25265,19.2,12276
408,6.  컴퓨터구조,컴퓨터구조,15092,26.4,12265
409,TensorFlow로 시작하는 딥러닝 입문,TENSORFLOW,6871,13.2,12133
410, 1인 쇼핑몰 시작하기_06.해외쇼핑몰,구매대행업체,2404,12.0,12056
411, 디자인 툴_파워컨텐츠_포토샵,포토샵기초,2483,80.39999999999999,11924
412,딥러닝으로 배우는 병렬처리 CAMP_구버전,딥러닝,8255,4.8,11825
413,인스타그램 마케팅,인플루언서마케팅,1243,9.6,11759
414,5. javascript,JAVASCRIPT,11570,6.0,11726
415,003.파이썬,크롤링,6270,9.6,11704
416,ㅍAOP 전체_중복키워드_디자인(삭제),포토샵교육,2207,3.5999999999999996,11682
417,AOP 전체_중복키워드_디자인,GTQ포토샵2급,4219,9.6,11517
418,ㅍAOP 전체_중복키워드_디자인(삭제),어도비포토샵,24212,7.199999999999999,11484
419,fin_camp_modeling_15,자금조달,10689,3.5999999999999996,11440
420, 업무자동화_VBA,컴활학원,5027,42.0,11308
421,왕초보의 파이썬 웹 프로그래밍 CAMP,점프투파이썬,1446,15.6,11264
422,1. 모바일앱개발_교육,안드로이드앱개발,2208,2.4,11231
423,AOP 전체_중복키워드_마케팅,콘텐츠마케팅,3262,6.0,11132
424, 투자_파워콘텐츠,-,11073,37.199999999999996,11077
425, 1인 쇼핑몰 시작하기_02.쇼핑몰구축,쇼핑몰상세페이지,1647,6.0,11033
426, 업무자동화_VBA,컴퓨터활용능력1급인강,3826,48.0,10978
427, 1인 쇼핑몰 시작하기_02.쇼핑몰구축,쇼핑몰상세페이지제작,1023,8.4,10879
428,Apache Spark,스파크,62161,12.0,10868
429, 브랜딩,브랜드디자인,9266,3.5999999999999996,10835
430,#000_마케팅 전체_main,온라인광고대행,2047,12.0,10824
431,ㅍAOP 전체_중복키워드_마케팅(삭제),로그분석,5397,3.5999999999999996,10791
432,AOP 전체_중복키워드_마케팅,그로스해킹,1362,9.6,10736
433, 금융공학/퀀_03.금융공학,데이터시각화,2660,2.4,10703
434,1. 전체,북디자인,4591,4.8,10703
435, 1인 쇼핑몰 시작하기_00.창업_PC,남자인터넷쇼핑몰,1478,20.4,10692
436, 투자_파워콘텐츠,주식투자하는법,3049,120.0,10648
437, 금융공학/퀀_02.R활용금융데이터분석,R프로그램,5367,6.0,10538
438,#000_마케팅 전체_main,온라인광고,3312,12.0,10505
439, 영상 제작/편집_2.영상제작이론,영상소스,3801,13.2,10406
440,프로그래밍 유치원,프로그래밍언어,20511,2.4,10340
441,#000_마케팅 전체_main,SNS홍보,63339,13.2,10318
442,#000_마케팅 전체_main,SNS교육,1007,13.2,10252
443,#000_마케팅 전체_main,제휴마케팅,3608,13.2,10219
444, 금융공학/퀀_03.금융공학,차익거래,13921,28.799999999999997,10142
445,1. 모바일앱개발_교육,안드로이드어플만들기,1003,3.5999999999999996,10043
446,마케터를 위한 데이터 해석 실전,CPC,8149,6.0,10032
447,2. C언어 일반,C언어책,6685,18.0,10021
448, 1인 쇼핑몰 시작하기_00.창업_PC,온라인쇼핑몰오픈,1279,14.399999999999999,9988
449, 콘텐츠 마케팅_대표키워드,마케팅공부,1813,9.6,9933
450, 영상 제작/편집_9.유튜브/유튜버,유튜브시작,64727,38.4,9746
451,실전 웹/앱 프로젝트 기획,앱기획,1314,13.2,9724
452,1. 전체,일러스트레이션,7130,2.4,9691
453,LaTeX를 활용한 효율적 논문작성 Workshop,TEX,5738,19.2,9691
454,모바일 앱 UX/UI 디자인,앱디자인,1071,10.799999999999999,9163
455,Python & Django를 활용한 웹 서비스_개발자,플라스크,12793,8.4,9152
456,파이썬을 통한 금융 데이터 수집과 분석 자동화 16기,파이썬스터디,1046,6.0,9031
457,마케팅KPI수립,KPI,51545,8.4,8921
458,7. 운영체제,임베디드시스템,5977,3.5999999999999996,8899
459, 콘텐츠 마케팅_대표키워드,인스타관리,5090,9.6,8899
460,ㅍAOP 전체_중복키워드_디자인(삭제),포토샵노트북,7255,9.6,8888
461,파이썬 텍스트 마이닝,파이썬,28442,8.4,8855
462,001.BASIC DESIGN,어도비XD,7926,24.0,8844
463, 업무자동화_4. VBA,VBA강좌,1656,10.799999999999999,8822
464,002.마케팅 입문,네이버교육,5157,24.0,8712
465,AOP 전체_중복키워드_디자인,제플린,30696,26.4,8679
466,2. 프로그래밍,프로그래밍입문,1273,3.5999999999999996,8569
467, 1인 쇼핑몰 시작하기_01.플랫폼,독립형쇼핑몰,4343,2.4,8470
468, 1인 쇼핑몰 시작하기_02.쇼핑몰구축,쇼핑몰택배,4200,9.6,8459
469, 영상 제작/편집_9.유튜브/유튜버,유튜버되는법,3785,3.5999999999999996,8360
470,002.마케팅 입문,B2B마케팅,1573,9.6,8327
471,#000_마케팅 전체_main,홍보마케팅,3945,4.8,8316
472, 영상 제작/편집_8.파이널컷 프로,유튜브인트로,2509,15.6,8294
473, 투자_파워콘텐츠,주식사는법,2451,72.0,8250
474,1. 앱웹서비스기획_일반,PM,68532,15.6,8239
475,프로그래밍 전체,IOS,417011,48.0,8228
476,상업용 부동산 실무 입문 4기,중개법인,14912,18.0,8041
477, 업무자동화_VBA,컴퓨터활용능력인강,2367,34.8,7920
478,내 아이템에 맞는 영상 콘텐츠 기획/제작,동영상만들기,2565,4.8,7733
479,대기업을 이기는 브랜딩 전략,컨설팅회사,9955,4.8,7722
480,리눅스 인프라,노바,69650,20.4,7700
481,OpenCV와 함께하는 컴퓨터 비전 프로그래밍,OPENCV,5533,19.2,7623
482,1. 모바일앱개발_교육,안드로이드앱,5553,2.4,7524
483,1. 코딩,코딩책,3656,8.4,7469
484,서비스 기획 스쿨 5기_구글 연관검색어,서비스기획,2037,9.6,7458
485,1. 모바일앱개발_교육,안드로이드스튜디오,10871,16.8,7326
486, 콘텐츠 마케팅_카피라이팅,상품페이지,1708,8.4,7293
487, 금융공학/퀀트_00.일반,퀀트,27470,39.6,7293
488,상업용 부동산 실무 입문 4기,상업용부동산,3759,8.4,7260
489,001.데이터분석/ 통계,데이터과학자,1220,13.2,7205
490,내 아이템에 맞는 영상 콘텐츠 기획/제작,영상편집프로그램,3357,4.8,7194
491,ㅍAOP 전체_중복키워드_디자인(삭제),포토샵기초,3556,3.5999999999999996,7183
492,ㅍ1. 전체,영상편집교육,1785,3.5999999999999996,7172
493, 리더를 위한 HR/인재경영_2.리더십,조직관리,18439,4.8,7172
494, 영상 제작/편집_1.크리에이터,1인크리에이터,2803,6.0,7128
495,파이썬 텍스트 마이닝,텍스트마이닝,1471,6.0,7018
496,001.BASIC DESIGN,벽화알바,1394,20.4,6864
497,AOP 전체_중복키워드_마케팅,CRM마케팅,1412,2.4,6853
498,data_camp_pcda_3,파이썬다운로드,5568,18.0,6842
499,4_벤처캐피탈 투자계약(벤처 투자),벤처투자,3539,2.4,6787
500,AOP 전체_중복키워드_디자인,포토샵CC,29269,7.199999999999999,6688
501,실전 웹 UX/UI 디자인,사이트제작,1568,7.199999999999999,6600
502,1. 일반_PC,게임캐릭터만들기,1148,1.2,6534
503,프로그래밍 전체,안드로이드,603990,43.199999999999996,6523
504,AOP 전체_중복키워드_디자인,포토샵CS6,42712,7.199999999999999,6457
505,타이포그래피와 편집디자인,캘리,72480,22.8,6325
506, 디지털 마케팅_3. 구글 광고,구글검색광고,6117,3.5999999999999996,6303
507,#000_마케팅 전체_main,CPA,25716,7.199999999999999,6237
508, 콘텐츠 마케팅_카피라이팅,상세페이지만들기,1653,6.0,6226
509,ㅍAOP 전체_중복키워드_마케팅(삭제),바이럴영상,2102,2.4,6204
510,#000_마케팅 전체_main,마케팅회사,3673,8.4,6171
511,fin_camp_rdev_4,부동산디벨로퍼,1333,15.6,6171
512,파이낸스 전체,펀드,152213,30.0,6160
513, 그로스해킹_1.용어,CAC,1524,3.5999999999999996,6116
514, 콘텐츠 마케팅_카피라이팅,브랜디드콘텐츠,4471,14.399999999999999,6116
515, 업무자동화_2. 파이썬,크롤링,10231,4.8,6094
516,typescript 실전 workshop,REACT,16399,8.4,6094
517,고객의 마음을 읽는 구글애널리틱스,그로스해커,1883,32.4,5973
518, 1인 쇼핑몰 시작하기_00.창업_PC,온라인사업,5152,2.4,5962
519,ㅍAOP 전체_중복키워드_비지니스(삭제),엑셀강좌,14212,3.5999999999999996,5951
520,1_벤처캐피탈에 대한 이해(벤처캐피탈),투자금회수,12194,9.6,5918
521,비즈니스 전체,엑셀,185504,22.8,5841
522,타이포그래피와 편집디자인,북커버,24266,15.6,5753
523,AOP 전체_중복키워드_디자인,포토샵기초,10348,2.4,5698
524,1_벤처캐피탈에 대한 이해(벤처캐피탈),벤처캐피탈,7425,15.6,5676
525,프로그래밍 유치원,웹페이지만들기,1021,3.5999999999999996,5665
526,4. css,CSS,37224,9.6,5643
527,파이썬 텍스트 마이닝,PYTHON,13444,3.5999999999999996,5588
528,AOP 전체_중복키워드_마케팅,웹로그분석,9515,1.2,5511
529, 콘텐츠 마케팅_카피라이팅,광고시안,1054,10.799999999999999,5511
530,ㅍAOP 전체_중복키워드_디자인(삭제),제플린,12179,13.2,5467
531,마케터를 위한 데이터 해석 실전,CRM마케팅,1986,3.5999999999999996,5412
532,건강한 조직을 만드는 HR 전략 WORKSHOP,조직문화개선,3309,6.0,5412
533,OpenCV와 함께하는 컴퓨터 비전 프로그래밍,얼굴인식,7812,2.4,5379
534, 1인 쇼핑몰 시작하기_00.창업_PC,쇼핑몰사업,1593,4.8,5379
535,1. 전체,컴퓨터그래픽디자이너,2411,2.4,5368
536,SEO/SEM 전략,검색엔진,2730,3.5999999999999996,5368
537,002.마케팅 입문,마케팅직무,2084,10.799999999999999,5324
538, 1인 쇼핑몰 시작하기_06.해외쇼핑몰,해외직구쇼핑몰,2978,14.399999999999999,5302
539,ㅍAOP 전체_중복키워드_디자인(삭제),포토샵CS6,24010,7.199999999999999,5291
540,영상 콘텐츠 디자인 유치원,AFTEREFFECT,3372,6.0,5269
541, 업무자동화_2. 파이썬,GUI,32179,3.5999999999999996,5225
542,ㅍAOP 전체_중복키워드_디자인(삭제),포토샵CS2,21616,6.0,5225
543,1. 코딩,코딩강좌,2550,2.4,5214
544,#000_마케팅 전체_main,온라인광고대행사,1965,6.0,5181
545, 디지털 마케팅_5. 태그매니저,GTM,4408,8.4,5137
546, 업무자동화_3. 엑셀,엑셀피벗테이블,49755,8.4,5126
547,1. 전체,그래픽디자인,1495,2.4,5104
548, 콘텐츠 마케팅_대표키워드,미디어마케팅,1334,4.8,5093
549, 투자_파워콘텐츠,주식시세,1460,19.2,5016
550,007.빅데이터,오픈스택,2195,4.8,4994
551,코딩으로 여행하는 블록체인 서비스,BLOCKCHAIN,1565,3.5999999999999996,4972
552,1. 모바일앱개발_세부,안드로이드스튜디오,12183,8.4,4928
553, 업무자동화_VBA,컴퓨터활용능력학원,2165,18.0,4917
554,모바일 앱 GUI 포트폴리오 디자인 LAB,부동산앱,8562,8.4,4906
555, 그로스해킹_5.마케팅 분석,무료빅데이터,6488,3.5999999999999996,4829
556,#000_마케팅 전체_main,홍보방법,8509,4.8,4829
557,포토샵 유치원_일러스트레이터 유치원,타이포그래피,35737,7.199999999999999,4774
558,Python & Django를 활용한 웹 서비스_일반,파이썬,6022,3.5999999999999996,4719
559,ㅍ UX/UI 디자인 입문_연관검색어(삭제),GUI,12630,3.5999999999999996,4675
560,3. html,HTML강좌,1442,2.4,4631
561,AOP 전체_중복키워드_디자인,포토샵CC2018,4064,6.0,4609
562,003.파이썬,DJANGO,2453,7.199999999999999,4609
563,마케터를 위한 데이터 해석 실전,퍼포먼스마케터,1027,8.4,4609
564,1. 모바일앱개발_교육,IOS개발,1528,2.4,4587
565, 콘텐츠 마케팅_카피라이팅,쇼핑몰상세페이지,1070,4.8,4510
566,AOP 전체_중복키워드_디자인,포토샵사진보정,11698,3.5999999999999996,4499
567,002.R,SQL,5109,6.0,4499
568,모바일 앱 GUI 포트폴리오 디자인 LAB,서비스기획,3434,13.2,4389
569,블록체인 신사업 시작하기,DAPP,1044,2.4,4378
570,타이포그래피와 편집디자인,팜플렛제작,1241,10.799999999999999,4378
571,#000_마케팅 전체_main,인스타그램마케팅,4038,4.8,4356
572,AOP 전체_중복키워드_디자인,포토샵누끼,6914,4.8,4356
573,#000_마케팅 전체_main,유튜브광고,5255,6.0,4345
574,대기업을 이기는 브랜딩 전략,브랜드로고,1856,3.5999999999999996,4334
575,AOP 전체_중복키워드_디자인,포토샵보정,20213,4.8,4334
576,AOP 전체_중복키워드_디자인,포토샵프로그램,6472,3.5999999999999996,4301
577, 디지털 마케팅_8. 검색 마케팅,키워드광고,2025,4.8,4279
578, UX/UI 디자인 입문_연관검색어,UX,10110,4.8,4279
579,007.빅데이터,DATABASE,1728,3.5999999999999996,4268
580,007.빅데이터,빅데이터자격증,1078,3.5999999999999996,4246
581,대기업을 이기는 브랜딩 전략,브랜드아이덴티티,1963,2.4,4224
582,대기업을 이기는 브랜딩 전략,브랜드런칭,1436,3.5999999999999996,4202
583,AOP 전체_중복키워드_디자인,포토샵CS2,29324,4.8,4191
584,ㅍAOP 전체_중복키워드_디자인(삭제),포토샵사진보정,7352,3.5999999999999996,4169
585,내 아이템에 맞는 영상 콘텐츠 기획/제작,애프터이펙트,1804,2.4,4158
586,영상 콘텐츠 디자인 유치원,영상기획,1029,4.8,4136
587,Javascript 정복 프로젝트,AJAX,9197,6.0,4125
588,SEO/SEM 전략,네이버키워드광고,3692,1.2,4103
589, 업무자동화_2. 파이썬,파이썬크롤링,3514,2.4,4092
590,001.데이터분석/ 통계,시계열분석,1889,3.5999999999999996,4081
591,ㅍAOP 전체_중복키워드_디자인(삭제),포토샵CC2018,2234,4.8,4070
592, 1인 쇼핑몰 시작하기_02.쇼핑몰구축,쇼핑몰재고관리,1393,1.2,4059
593,마케팅 유치원,마케팅종류,5226,4.8,4015
594,1. 모바일앱개발_세부,모바일개발,3286,2.4,3993
595,AOP 전체_중복키워드_디자인,포토샵교육,2803,1.2,3982
596,ㅍ1. 전체,일러스트레이션,2818,1.2,3960
597,실전 웹/앱 프로젝트 기획,앱만들기,1005,4.8,3938
598, 업무자동화_VBA,컴활1급실기인강,2207,16.8,3927
599,AOP 전체_중복키워드_디자인,포토샵노트북,9559,6.0,3817
600,AOP 전체_중복키워드_디자인,일러스트레이터CS6,5461,3.5999999999999996,3795
601,타이포그래피와 편집디자인,리플렛,5481,8.4,3784
602, 콘텐츠 마케팅_카피라이팅,유행어,247898,58.8,3773
603,5. javascript,자바스크립트강좌,3095,1.2,3762
604,다빈치리졸브와 컬러그레이딩,색보정,1943,9.6,3751
605,ㅍAOP 전체_중복키워드_디자인(삭제),포토샵다운로드,6710,8.4,3740
606,AOP 전체_중복키워드_디자인,포토샵CS5,10839,3.5999999999999996,3718
607,내 아이템에 맞는 영상 콘텐츠 기획/제작,유튜브편집,2547,2.4,3696
608, 콘텐츠 마케팅_콘텐츠 제작,페이스북카드뉴스,1521,6.0,3608
609, 금융공학/퀀_03.금융공학,주식선물,13038,1.2,3597
610,포토샵 유치원_일러스트레이터 유치원,일러스트CS6,5763,3.5999999999999996,3597
611,왕초보의 파이썬 웹 프로그래밍 CAMP,웹프로그래머,1991,1.2,3553
612,마케터를 위한 데이터 해석 실전,마케팅용어,4148,3.5999999999999996,3498
613,ㅍ1. 전체,북디자인,1826,2.4,3487
614, 브랜딩,브랜드스토리,1947,3.5999999999999996,3476
615,ㅍAOP 전체_중복키워드_프로그래밍(삭제),웹크롤링,2180,4.8,3454
616,다빈치리졸브와 컬러그레이딩,블랙매직디자인,1718,9.6,3443
617,fin_camp_rdev_4,부동산금융,1089,3.5999999999999996,3432
618, 디지털 마케팅_트위터광고,트위터광고,23276,4.8,3432
619,AOP 전체_중복키워드_디자인,포토샵다운로드,12288,8.4,3421
620,다빈치리졸브와 컬러그레이딩,블랙매직,14191,10.799999999999999,3311
621,#000_마케팅 전체_main,페이스북이벤트,5503,2.4,3289
622,AOP 전체_중복키워드_디자인,포토샵7.0한글판,1356,3.5999999999999996,3267
623,007.빅데이터,키스톤,6258,3.5999999999999996,3245
624, 1인 쇼핑몰 시작하기_04.호스팅사,카페24쇼핑몰,2646,2.4,3223
625, 1인 쇼핑몰 시작하기_01.플랫폼,11번가상품등록,1034,1.2,3201
626, 그로스해킹_1.용어,DASHBOARD,4591,3.5999999999999996,3190
627,타이포그래피와 편집디자인,편집,50324,9.6,3190
628,포토샵 유치원_일러스트레이터 유치원,애니일러스트,2757,3.5999999999999996,3179
629,마케터를 위한 데이터 해석 실전,CRM,2956,2.4,3168
630,영상 콘텐츠 디자인 유치원,영상편집,3482,3.5999999999999996,3113
631,#000_마케팅 전체_main,브랜딩,5615,4.8,3113
632,AOP 전체_중복키워드_디자인,포토샵가격,10141,3.5999999999999996,3102
633,Vue로 구현하는 PWA CAMP,VUE,3197,8.4,3102
634, 업무자동화_3. 엑셀,INDEX,56779,8.4,3102
635,#000_마케팅 전체_main,CPA광고,1164,3.5999999999999996,3091
636,8. 시스템 프로그래밍,UBUNTU,27155,14.399999999999999,3091
637,상업용 부동산 실무 입문 4기,10억건물,1976,2.4,3080
638, 업무자동화_4. VBA,SELENIUM,4355,2.4,3058
639,Vue로 구현하는 PWA CAMP,웹앱,1688,1.2,3047
640,ㅍAOP 전체_중복키워드_마케팅(삭제),웹로그분석,5731,1.2,3025
641,쉽고 재미있는 재무제표 분석 17기,재무제표,15977,6.0,3003
642,001.데이터분석/ 통계,SPSS,11584,2.4,2992
643,AOP 전체_중복키워드_비지니스,엑셀온라인,1195,3.5999999999999996,2981
644,001.데이터분석/ 통계,BIGDATA,1145,2.4,2970
645,ㅍAOP 전체_중복키워드_마케팅(삭제),마케팅분석,4966,1.2,2948
646,002.R,R프로그램,1195,3.5999999999999996,2915
647,마케팅KPI수립,OKR,7007,14.399999999999999,2915
648,대기업을 이기는 브랜딩 전략,브랜드전략,1688,2.4,2860
649,실전 웹 UX/UI 디자인,웹디자인프로그램,1339,3.5999999999999996,2860
650,#000_마케팅 전체_main,체험단마케팅,1584,3.5999999999999996,2849
651,타이포그래피와 편집디자인,손글씨,55942,9.6,2838
652,Python & Django를 활용한 웹 서비스_개발자,FLASK,1655,3.5999999999999996,2827
653,8. 시스템 프로그래밍,시스템프로그래밍,3342,3.5999999999999996,2827
654,1_2 대표 경쟁,실무교육,28711,3.5999999999999996,2827
655,AOP 전체_중복키워드_디자인,포토샵라이트룸,2646,7.199999999999999,2827
656,OpenCV와 함께하는 컴퓨터 비전 프로그래밍,MFC,1763,1.2,2805
657,Java 웹 프로그래밍 마스터 4기 : 3개월,JAVA,8254,1.2,2794
658, 업무자동화_4. VBA,EXCELVBA,1086,6.0,2794
659,타이포그래피와 편집디자인,비주얼씽킹,17543,12.0,2783
660,002.R,깃허브,12850,3.5999999999999996,2750
661,#000_마케팅 전체_main,병원마케팅,1305,3.5999999999999996,2728
662,포토샵 유치원_일러스트레이터 유치원,타이포그라피,6776,2.4,2706
663, 그로스해킹_2.그로스해킹,CAC,2538,2.4,2684
664,타이포그래피와 편집디자인,캘리그라피폰트,5968,6.0,2673
665,001.BASIC DESIGN,ADOBEXD,5524,8.4,2607
666,실전 웹/앱 프로젝트 기획,모바일앱,17000,3.5999999999999996,2574
667, 투자_파워콘텐츠,연금펀드,1574,39.6,2574
668,크리에이티브 전체,디자인,25257,10.799999999999999,2552
669,마케팅 전체,마케터,7341,9.6,2519
670,마케팅KPI수립,KPI지표,2820,10.799999999999999,2519
671,크리에이티브 전체,디자인서적,3055,14.399999999999999,2464
672,마케팅 전체,마케팅스터디,1146,13.2,2442
673, 업무자동화_4. VBA,VBA기초,1575,3.5999999999999996,2420
674,실전 웹/앱 프로젝트 기획,기획강의,1640,14.399999999999999,2409
675,파이썬을 통한 금융 데이터 수집과 분석 자동화 16기,CSV,65861,9.6,2398
676,프로그래밍 전체,백엔드,14685,9.6,2376
677,포토샵 유치원_일러스트레이터 유치원,ILLUST,77164,18.0,2376
678, 영상 제작/편집_6.프리미어프로,오디오편집,3771,3.5999999999999996,2365
679, 리더를 위한 HR/인재경영_1.인재,인사고과,9059,3.5999999999999996,2332
680, 1인 쇼핑몰 시작하기_06.해외쇼핑몰,직구쇼핑몰,1654,12.0,2332
681,002.UX/UI,SKETCH,6498,16.8,2332
682,ㅍAOP 전체_중복키워드_디자인(삭제),포토샵CC,15679,2.4,2288
683,리눅스 인프라,우분투,20887,4.8,2288
684,6. 파이썬,파이썬프로그램,2667,1.2,2255
685,fin_camp_modeling_15,모델링,13851,4.8,2244
686,#000_마케팅 전체_main,광고대행,1362,2.4,2189
687,Python & Django를 활용한 웹 서비스_일반,파이참,3663,1.2,2167
688,fin_camp_feasibilitystudy_18,현금흐름,3510,3.5999999999999996,2156
689, 금융공학/퀀트_01.파이썬기본&자동화,볼린저밴드,33696,4.8,2145
690, 리더를 위한 HR/인재경영_1.인재,인사노무,2296,1.2,2123
691,실전 웹 UX/UI 디자인,RFP,22055,6.0,2123
692, 디지털 마케팅_8. 검색 마케팅,검색광고,3886,2.4,2090
693,파이낸스 전체,퀀트투자,5916,8.4,2090
694,Vue.js 정복 CAMP,VUE,4149,6.0,2068
695,영상 콘텐츠 디자인 유치원,트랜스폼,70543,7.199999999999999,2068
696,AOP 전체_중복키워드_디자인,인디자인자격증,1553,1.2,2057
697,타이포그래피와 편집디자인,켈리그라피,4022,4.8,2046
698,파이낸스 전체,부동산스터디,196862,13.2,2046
699, 1인 쇼핑몰 시작하기_01.플랫폼,오픈마켓입점,1337,1.2,2035
700,건강한 조직을 만드는 HR 전략 WORKSHOP,인재개발,4270,2.4,2035
701,크리에이티브 전체,디자인스터디,1653,15.6,2035
702,007.빅데이터,클라우드서버,1152,2.4,1980
703, 영상 제작/편집_9.유튜브/유튜버,유튜버시작,1946,2.4,1980
704,딥러닝으로 배우는 병렬처리 CAMP,CUDA,2158,4.8,1980
705,AOP 전체_중복키워드_디자인,어도비인디자인,7111,1.2,1969
706,#000_마케팅 전체_main,파워블로그,4889,2.4,1936
707, 콘텐츠 마케팅_카피라이팅,홍보문구,7983,3.5999999999999996,1936
708,1. 코딩,코딩스터디,2599,8.4,1892
709,파이썬을 통한 금융 데이터 수집과 분석 자동화 16기,투자기법,3197,6.0,1881
710,data_camp_rmp_8,데이터분석가,6561,2.4,1870
711, 리더를 위한 HR/인재경영_1.인재,직원평가,13926,2.4,1870
712, 영상 제작/편집_3.촬영 기법/장비1,카메라촬영,1928,1.2,1859
713,AOP 전체_중복키워드_마케팅,구글광고,4699,1.2,1837
714, 콘텐츠 마케팅_대표키워드,콘텐츠디자인,2356,6.0,1837
715,왕초보의 파이썬 웹 프로그래밍 CAMP,DJANGO,2105,7.199999999999999,1815
716,파이썬을 통한 금융 데이터 수집과 분석 자동화 16기,PANDAS,3331,4.8,1760
717,AOP 전체_중복키워드_비지니스,엑셀VBA,4085,3.5999999999999996,1738
718,1. 전체,포토샵누끼따기,25020,8.4,1738
719,#000_마케팅 전체_main,키워드검색,16340,2.4,1705
720,타이포그래피와 편집디자인,TYPO,13427,7.199999999999999,1694
721,Javascript 정복 프로젝트,SPA,2065,1.2,1672
722,타이포그래피와 편집디자인,CI,3261,3.5999999999999996,1661
723, 영상 제작/편집_2.영상제작이론,콘티,61806,3.5999999999999996,1661
724,딥러닝으로 배우는 병렬처리 CAMP_구버전,멀티코어,2511,1.2,1650
725,파이썬을 통한 금융 데이터 수집과 분석 자동화 16기,거래량분석,1299,3.5999999999999996,1639
726,리눅스 인프라,MARIADB,2014,3.5999999999999996,1639
727,리눅스 인프라,MYSQL,2433,1.2,1628
728,리눅스 인프라,VMWARE,18524,1.2,1628
729,#000_마케팅 전체_main,검색엔진,32332,4.8,1617
730,ㅍAOP 전체_중복키워드_디자인(삭제),GTQ포토샵2급,2158,1.2,1606
731,data_camp_pcda_3,파이썬활용,1460,2.4,1606
732,포토샵 유치원_일러스트레이터 유치원,벡터이미지,2344,3.5999999999999996,1606
733,6.  컴퓨터구조,프로세서,11827,3.5999999999999996,1606
734, 콘텐츠 마케팅_대표키워드,SNS이벤트,6953,1.2,1584
735,007.빅데이터,오픈소스,3329,1.2,1573
736,마케팅 유치원,마케팅업무,2175,4.8,1529
737,001.BASIC DESIGN,포토샵CS6,13573,3.5999999999999996,1518
738,1. 모바일앱개발_교육,코틀린,1786,6.0,1507
739,1. 전체,포토샵초보,1494,1.2,1485
740,4. 웹의 동작,SOAP,22522,3.5999999999999996,1485
741,7. 운영체제,가상메모리,94933,22.8,1463
742, 업무자동화_2. 파이썬,구글스프레드시트,57276,7.199999999999999,1441
743,#000_마케팅 전체_main,스포츠마케팅,7860,2.4,1430
744,리눅스 인프라,리눅스,1345,1.2,1419
745,포토샵 유치원_일러스트레이터 유치원,일러스트프로그램,4395,1.2,1408
746, 업무자동화_3. 엑셀,엑셀초급,1800,2.4,1408
747, 리더를 위한 HR/인재경영_2.리더십,조직문화,8244,2.4,1408
748,타이포그래피와 편집디자인,캘러그라피,1131,3.5999999999999996,1408
749,모바일 앱 GUI 포트폴리오 디자인 LAB,디자인사이트,2739,2.4,1397
750,typescript 실전 workshop,JS,32315,12.0,1397
751,리눅스 인프라,NOVA,3139,2.4,1386
752,003.파이썬,전처리,5089,1.2,1375
753,#000_마케팅 전체_main,페이스북광고하는법,1048,2.4,1364
754, 투자_파워콘텐츠,주식어플,1349,15.6,1353
755,1. 전체,일러스트레이터기초,1790,1.2,1342
756,머신러닝을 위한 선형대수학,이산수학,1957,1.2,1342
757, 파이썬 웹 개발_2.프론트엔드기초,CSS,6853,1.2,1342
758,003.파이썬,파이선,1357,1.2,1331
759,Vue로 구현하는 PWA CAMP,REACTNATIVE,1057,3.5999999999999996,1331
760, 업무자동화_3. 엑셀,엑셀기초,3972,1.2,1320
761,AOP 전체_중복키워드_디자인,포토샵로고만들기,6847,1.2,1320
762,6_스타트업 M&A에 대한 단상(스타트업),스타트업취업,1928,3.5999999999999996,1320
763,마케팅 전체,프로모션,82858,7.199999999999999,1320
764,크리에이티브 전체,BX,8349,6.0,1298
765,마케팅KPI수립,핵심성과지표,5031,9.6,1298
766,007.빅데이터,PAAS,1223,1.2,1287
767,002.R,마크다운,62559,10.799999999999999,1287
768, 영상 제작/편집_3.촬영 기법/장비1,촬영기법,46646,14.399999999999999,1287
769,ㅍAOP 전체_중복키워드_디자인(삭제),포토샵로고만들기,3696,1.2,1276
770, 업무자동화_3. 엑셀,MID,14709,4.8,1276
771,프로그래밍 전체,VR,25634,4.8,1276
772,data_camp_pcda_3,LEAFLET,9288,2.4,1265
773,1. 전체,포토샵책,5034,4.8,1265
774,ㅍAOP 전체_중복키워드_디자인(삭제),포토샵누끼,5290,2.4,1254
775,ㅍAOP 전체_중복키워드_디자인(삭제),포토샵가격,5983,1.2,1243
776,data_camp_rmp_8,R설치,3125,2.4,1232
777,iOS 개발 스쿨 9기_기존 키워드,앱스토어,126393,19.2,1210
778,007.빅데이터,오픈플랫폼,1244,1.2,1199
779, 디지털 마케팅_1. 디지털 마케팅,RTB,3946,3.5999999999999996,1188
780,7. 운영체제,OS,90041,8.4,1188
781,8. 시스템 프로그래밍,UNIX,7070,1.2,1166
782,ㅍ UX/UI 디자인 입문_연관검색어(삭제),UX,7229,1.2,1155
783,AOP 전체_중복키워드_디자인,인디자인CC,1085,1.2,1133
784,고객의 마음을 읽는 구글애널리틱스,구글자격증,1124,3.5999999999999996,1133
785,마케팅 전체,데이터마케팅,1033,4.8,1122
786,비즈니스 전체,전략기획,21278,6.0,1122
787,비즈니스 전체,VC,25503,9.6,1122
788,#000_마케팅 전체_main,검색광고,2153,1.2,1100
789,AOP 전체_중복키워드_마케팅,컨텐츠기획,2575,1.2,1100
790,AOP 전체_중복키워드_디자인,포토샵7.0,10013,3.5999999999999996,1100
791,1. 경영 일반,경영전략,11662,1.2,1089
792,6.  컴퓨터구조,컴퓨터CPU,3419,2.4,1089
793,#000_마케팅 전체_main,페이스북팔로워늘리기,1074,4.8,1089
794,ㅍAOP 전체_중복키워드_디자인(삭제),포토샵프로그램,2813,1.2,1078
795,2_투자유치를 위한 사업계획서 작성(투자유치),투자유치,5741,1.2,1078
796,data_camp_rmp_8,GLM,21656,12.0,1078
797,#000_마케팅 전체_main,바이럴마케팅대행,2409,1.2,1067
798,data_camp_rmp_8,데이터분석전문가,1109,2.4,1056
799,타이포그래피와 편집디자인,캘라그라피,1439,2.4,1056
800, 그로스해킹_1.용어,ROI,22899,2.4,1056
801,fin_camp_feasibilitystudy_18,WACC,1505,2.4,1045
802,1. 일반_PC,게임책,1263,4.8,1045
803,LaTeX를 활용한 효율적 논문작성 Workshop,논문작성,4917,1.2,1034
804,typescript 실전 workshop,GENERIC,9740,3.5999999999999996,1034
805,007.빅데이터,데이터웨어하우스,1025,1.2,1023
806,001.BASIC DESIGN,포토샵,6199,2.4,1023
807,1. 전체,스케치프로그램,3322,9.6,1023
808,#000_마케팅 전체_main,구글광고,2197,1.2,1012
809,006.딥러닝,강화학습,3074,2.4,1012
810,AOP 전체_중복키워드_비지니스,엑셀기초,1815,1.2,1001
811,7. 운영체제,컴퓨터사이언스,3018,6.0,1001
812, 1인 쇼핑몰 시작하기_01.플랫폼,11번가판매자,4948,3.5999999999999996,990
813,1. 모바일앱개발_교육,KOTLIN,1175,3.5999999999999996,968
814,프로그래밍 유치원,HTML태그,5099,1.2,957
815, 디자인 툴_파워컨텐츠_포토샵,디자이너,1438,2.4,957
816,ㅍAOP 전체_중복키워드_디자인(삭제),어도비인디자인,4362,1.2,946
817,typescript 실전 workshop,디버깅,17676,1.2,946
818,data_camp_pcda_3,SELENIUM,1396,2.4,946
819,파이낸스 전체,투자,10338,3.5999999999999996,946
820,비즈니스 전체,HRD,1795,3.5999999999999996,935
821,UX 디자인 실전,와이어프레임,1769,1.2,924
822,5_초기 스타트업 실제 투자사례(창업자),스타트업정부지원,1186,1.2,913
823,ㅍAOP 전체_중복키워드_디자인(삭제),포토샵보정,13096,1.2,913
824,1. 경영 일반,경영학,2144,2.4,913
825,디지털 마케팅,디지털마케팅서밋,2753,2.4,913
826, 리더를 위한 HR/인재경영_5.HR,인사업무,5261,2.4,913
827, 영상 제작/편집_4.포토샵,유튜브자막,7277,2.4,869
828, 업무자동화_3. 엑셀,엑셀서식,22362,2.4,869
829,ㅍ1. 전체,ADOBEXD,1401,4.8,869
830,프로그래밍 유치원,SCSA,2397,2.4,858
831,1. 전체,일러스트레이터책,1068,3.5999999999999996,858
832,비즈니스 전체,스타트업,33549,3.5999999999999996,858
833,ㅍ1. 전체,포토샵누끼따기,12311,4.8,847
834,블록체인 신사업 시작하기,블록체인스타트업,1051,3.5999999999999996,814
835,ㅍAOP 전체_중복키워드_디자인(삭제),어도비XD,3061,4.8,814
836, 영상 제작/편집_3.촬영 기법/장비1,영상촬영기법,1138,1.2,803
837,7. 운영체제,OPERATINGSYSTEM,9885,3.5999999999999996,803
838,2_투자유치를 위한 사업계획서 작성(투자유치),시장경쟁,58564,7.199999999999999,792
839,Python & Django를 활용한 웹 서비스_일반,파이썬책,1298,1.2,781
840,인디자인 유치원,어도비인디자인,2230,1.2,770
841, FAST MBA_파워컨텐츠_아마존,경영지도사,2312,12.0,770
842,3. html,HTMLTABLE,43307,12.0,770
843,005.머신러닝,인공신경망,2090,2.4,759
844,건강한 조직을 만드는 HR 전략 WORKSHOP,인사직무,4594,4.8,748
845,007.빅데이터,MSAZURE,1504,1.2,737
846,AOP 전체_중복키워드_디자인,어도비XD,2659,3.5999999999999996,737
847,fin_camp_feasibilitystudy_18,DCF,2638,1.2,704
848,데이터 사이언스 전체,R,13350,3.5999999999999996,704
849,1. 컴퓨터공학 일반,컴공전망,1148,1.2,693
850,1. 전체,영상에자막넣기,1673,1.2,693
851,LaTeX를 활용한 효율적 논문작성 Workshop,TEMPLATE,19443,1.2,693
852,fin_camp_feasibilitystudy_18,NPV,2204,1.2,682
853, 영상 제작/편집_1.크리에이터,크리에이터,3326,2.4,682
854,프로그래밍 전체,AR,2728,2.4,660
855,비즈니스 전체,서비스기획,3369,3.5999999999999996,660
856, 그로스해킹_1.용어,ROAS,5485,1.2,649
857, 영상 제작/편집_3.촬영 기법/장비1,영상용카메라,1197,1.2,638
858,마케팅 전체,KPI,26574,7.199999999999999,638
859,인디자인 유치원,인디자인,1468,1.2,627
860, 1인 쇼핑몰 시작하기_01.플랫폼,11번가입점,1580,1.2,627
861, 1인 쇼핑몰_00.창업_MO,여자쇼핑몰,1449,3.5999999999999996,627
862,파이낸스 전체,재무,19004,3.5999999999999996,627
863,비즈니스 전체,인사교육,2585,2.4,616
864,1. 전체,프로토파이,1808,9.6,616
865, 파이썬 웹 개발_4.Django,도커,1188,1.2,605
866, 1인 쇼핑몰 시작하기_00.창업_PC,쇼핑몰오픈,1027,1.2,594
867,데이터 사이언스 전체,파이썬독학,1282,2.4,594
868,Vue.js 정복 CAMP,VUE.JS,2208,7.199999999999999,594
869,data_camp_pcda_3,파이썬이란,1127,1.2,583
870, 업무자동화_3. 엑셀,엑셀차트,9438,1.2,583
871,ㅍAOP 전체_중복키워드_디자인(삭제),포토샵라이트룸,1735,1.2,572
872,data_camp_pcda_3,JUPYTERNOTEBOOK,5559,4.8,572
873,001.BASIC DESIGN,포토샾,1197,1.2,561
874,8. 시스템 프로그래밍,리눅스란,1405,1.2,561
875,타이포그래피와 편집디자인,편집디자이너,2458,1.2,550
876,5_초기 스타트업 실제 투자사례(창업자),창업자,6301,1.2,550
877, 리더를 위한 HR/인재경영_3.온보딩,인사부,11416,8.4,550
878,1. 전체,재플린,1756,3.5999999999999996,539
879,#000_마케팅 전체_main,페이스북픽셀,13853,8.4,539
880,3. 파이썬,COMMIT,66701,8.4,539
881,ㅍAOP 전체_중복키워드_마케팅(삭제),GAIQ,1030,1.2,528
882,다빈치리졸브와 컬러그레이딩,그레이딩,1945,1.2,528
883,리눅스 인프라,도커,3387,1.2,528
884, 그로스해킹_2.그로스해킹,그로스해커,1078,7.199999999999999,528
885,건강한 조직을 만드는 HR 전략 WORKSHOP,인사팀업무,5485,3.5999999999999996,517
886,모바일 앱 GUI 포트폴리오 디자인 LAB,병원앱,1351,1.2,506
887, 업무자동화_1. 자동화,엑셀자동,3585,1.2,506
888,ㅍ1. 전체,재플린,1458,2.4,506
889,typescript 실전 workshop,제네릭,20918,6.0,506
890, 금융공학/퀀트_01.파이썬기본&자동화,FRED,11893,4.8,473
891,ㅍAOP 전체_중복키워드_마케팅(삭제),컨텐츠기획,1071,2.4,462
892, 업무자동화_3. 엑셀,엑셀보고서,2016,2.4,462
893, 그로스해킹_2.그로스해킹,LTV,17887,2.4,451
894,데이터 사이언스 전체,클라우드,67152,2.4,440
895, 브랜딩,브랜드슬로건,2123,1.2,429
896,1. 전체,포토샵누끼,2606,1.2,429
897,typescript 실전 workshop,VUE.JS,2843,1.2,429
898,001.BASIC DESIGN,어도비포토샵,9564,1.2,429
899, 그로스해킹_1.용어,LAC,4138,2.4,429
900,8. 시스템 프로그래밍,리눅스명령어,11404,1.2,418
901, 업무자동화_3. 엑셀,엑셀조건부서식,27466,1.2,418
902, 업무자동화_3. 엑셀,VLOOKUP,40198,3.5999999999999996,418
903,모바일 앱 GUI 포트폴리오 디자인 LAB,패션어플,1851,1.2,407
904,AOP 전체_중복키워드_디자인,인디자인단축키,2223,1.2,407
905,파이썬을 통한 금융 데이터 수집과 분석 자동화 16기,금융스터디,25996,6.0,396
906,파이썬을 통한 금융 데이터 수집과 분석 자동화 16기,OBV,5119,1.2,385
907, 업무자동화_2. 파이썬,텔레그램봇,2361,6.0,385
908,iOS 개발 스쿨 9기_기존 키워드,IOS,32299,6.0,385
909, 금융공학/퀀_03.금융공학,역행렬,52085,6.0,385
910,리눅스 인프라,UBUNTU,5309,1.2,374
911,Vue로 구현하는 PWA CAMP,PWA,1823,3.5999999999999996,374
912,AOP 전체_중복키워드_디자인,포토샵2018,1761,1.2,363
913,AOP 전체_중복키워드_디자인,포토샵무료다운,2336,4.8,363
914,data_camp_pcda_3,파이썬리스트,3555,4.8,363
915,2. C언어 일반,C++책,1042,1.2,352
916,페이스북&인스타그램 마케팅 실전,페이스북추천,1488,1.2,352
917,리눅스 인프라,SWIFT,7386,1.2,352
918, 업무자동화_3. 엑셀,MATCH함수,9104,2.4,352
919,크리에이티브 전체,서체,3980,3.5999999999999996,352
920,data_camp_rmp_8,TREE,27032,4.8,352
921,1. 앱웹서비스기획_일반,서비스기획,3398,1.2,341
922,#000_마케팅 전체_main,블로그수익,4842,1.2,341
923,마케팅 전체,마케팅서적,3066,1.2,330
924,002.UX/UI,ZEPLIN,2649,2.4,330
925,005.머신러닝,TENSORFLOW설치,1089,1.2,319
926,프로그래밍 전체,자바,10006,1.2,319
927,크리에이티브 전체,포토샵책,1839,1.2,308
928,마케팅 전체,마케팅책,3766,1.2,308
929,ㅍAOP 전체_중복키워드_디자인(삭제),포토샵7.0,5428,1.2,308
930, 업무자동화_3. 엑셀,셀서식,31785,3.5999999999999996,308
931,건강한 조직을 만드는 HR 전략 WORKSHOP,HR업무,2005,4.8,308
932,파이썬을 통한 금융 데이터 수집과 분석 자동화 16기,JUPYTER,2848,4.8,308
933,3. html,HTML소스,3179,1.2,297
934, 금융공학/퀀트_01.파이썬기본&자동화,셀레니움,3846,1.2,297
935,8. 시스템 프로그래밍,쉘스크립트,2642,2.4,297
936, 금융공학/퀀트_01.파이썬기본&자동화,파이썬아나콘다,5780,3.5999999999999996,297
937, 1인 쇼핑몰 시작하기_06.해외쇼핑몰,국내구매대행,7152,3.5999999999999996,297
938,페이스북&인스타그램 마케팅 실전,인스타그램추천,3515,1.2,286
939,1. 일반_PC,클리커게임,9734,1.2,286
940,data_camp_rmp_8,PCA,30790,1.2,286
941, 업무자동화_2. 파이썬,스케쥴링,5039,3.5999999999999996,286
942,006.딥러닝,CHATBOT,1231,1.2,275
943, 업무자동화_3. 엑셀,FIND,65887,3.5999999999999996,275
944,컴퓨터공학으로 풀어낸 블록체인 코어 CAMP,이더리움전망,1188,1.2,264
945,6.  컴퓨터구조,컴퓨터개론,6108,3.5999999999999996,264
946, UX/UI 디자인 입문_연관검색어,VD,15786,3.5999999999999996,264
947,마케팅 전체,SEO,4052,1.2,253
948,LaTeX를 활용한 효율적 논문작성 Workshop,MENDELEY,2047,3.5999999999999996,253
949,data_camp_pcda_3,MATPLOTLIB,3061,3.5999999999999996,242
950,AOP 전체_중복키워드_프로그래밍,파이썬엑셀,1472,1.2,231
951,007.빅데이터,KT클라우드,3565,1.2,231
952,마케팅 전체,PR,10734,1.2,231
953,7_How to 벤처캐피탈,벤처캐피탈리스트,1257,3.5999999999999996,231
954,005.머신러닝,KAGGLE,3986,3.5999999999999996,231
955,data_camp_rmp_8,P-VALUE,4566,3.5999999999999996,231
956,3_기업가치평가 방법론,오버뷰,5088,3.5999999999999996,231
957, 금융공학/퀀트_01.파이썬기본&자동화,아나콘다설치,5806,3.5999999999999996,231
958,005.머신러닝,SVM,5909,3.5999999999999996,231
959, 업무자동화_3. 엑셀,SUMIFS,13372,3.5999999999999996,231
960,002.R,GIT,19056,3.5999999999999996,231
961,typescript 실전 workshop,TYPESCRIPT,1945,1.2,220
962,AOP 전체_중복키워드_비지니스,엑셀통계,3636,1.2,220
963, 금융공학/퀀_03.금융공학,KERAS,2331,2.4,220
964,파이썬을 통한 금융 데이터 수집과 분석 자동화 16기,CRON,1814,1.2,209
965,Python & Django를 활용한 웹 서비스_일반,RESTAPI,2060,1.2,209
966,7. 운영체제,COMPUTERSCIENCE,3550,1.2,209
967,파이낸스 전체,재무제표,35947,1.2,209
968,건강한 조직을 만드는 HR 전략 WORKSHOP,인사기획,4473,2.4,209
969,자율주행 연구를 위한 ROS·SLAM Workshop,ROS,2022,3.5999999999999996,209
970,리눅스 인프라,VIRTUALBOX,6712,1.2,198
971, 업무자동화_3. 엑셀,엑셀VLOOKUP,23027,1.2,198
972, 업무자동화_3. 엑셀,고급필터,7636,2.4,198
973, 업무자동화_3. 엑셀,피벗테이블,56546,2.4,198
974,005.머신러닝,MACHINELEARNING,1138,1.2,187
975,리눅스 인프라,MYSQL설치,1175,1.2,187
976,4. 웹의 동작,IPV6,18161,1.2,176
977, 업무자동화_3. 엑셀,IF함수,25012,1.2,176
978,ㅍ1. 전체,스케치프로그램,1347,2.4,176
979,파이낸스 전체,스마트베타,1688,2.4,176
980,타이포그래피와 편집디자인,자막디자인,1838,2.4,176
981, 업무자동화_3. 엑셀,피벗,21076,2.4,176
982,리눅스 인프라,인프라,27383,1.2,154
983,1. 전체,PROTOPIE,1006,2.4,154
984,data_camp_rmp_8,RMARKDOWN,1145,2.4,154
985,프론트엔드 개발 스쿨 12기_기존 키워드,OKJSP,2015,2.4,154
986, 업무자동화_3. 엑셀,카운트함수,2196,2.4,154
987,002.R,GITHUB,5184,2.4,154
988,파이썬을 통한 금융 데이터 수집과 분석 자동화 16기,REQUESTS,5391,2.4,154
989, 업무자동화_3. 엑셀,엑셀절대참조,6191,2.4,154
990,1. 전체,포토샵CC2018크랙,8031,2.4,154
991, 업무자동화_3. 엑셀,COUNTIFS,8512,2.4,154
992, 파이썬 웹 개발_4.Django,EC2,12166,2.4,154
993, 업무자동화_3. 엑셀,COUNTIF,22932,2.4,154
994, 금융공학/퀀트_01.파이썬기본&자동화,CSV,44947,2.4,154
995, 업무자동화_3. 엑셀,엑셀필터,46694,2.4,154
996, 업무자동화_3. 엑셀,엑셀자동필터,3392,1.2,143
997,ㅍAOP 전체_중복키워드_디자인(삭제),포토샵단축키,8973,1.2,143
998, 리더를 위한 HR/인재경영_5.HR,인사팀,10520,1.2,143
999,프로그래밍 전체,자바스크립트스터디,1400,1.2,132
1000,005.머신러닝,랜덤포레스트,1129,1.2,121
1001, 금융공학/퀀_03.금융공학,연속확률변수,2768,1.2,110
1002, 금융공학/퀀_03.금융공학,이산확률변수,2785,1.2,110
1003,fin_camp_feasibilitystudy_18,IRP,16419,1.2,110
1004,1. 전체,ADOBEXD,1215,1.2,99
1005,데이터 사이언스 전체,빅데이터책,1607,1.2,99
1006,002.UX/UI,프로토타이핑,1230,1.2,88
1007, 업무자동화_3. 엑셀,엑셀데이터베이스,1414,1.2,88
1008, 1인 쇼핑몰 시작하기_01.플랫폼,G마켓판매자센터,2583,1.2,88
1009,파이낸스 전체,퀀트,6056,1.2,88
1010, 업무자동화_3. 엑셀,엑셀자동채우기,10041,1.2,88
1011, 금융공학/퀀_03.금융공학,변동성,11081,1.2,88
1012, 금융공학/퀀_03.금융공학,듀레이션,11909,1.2,88
1013, 금융공학/퀀_03.금융공학,HMM,15292,1.2,88
1014, 업무자동화_3. 엑셀,OFFSET,59217,1.2,88
1015,개발자와 협업하는 디자이너를 위한 실무 역량 강화,FAVICON,1060,1.2,77
1016, 금융공학/퀀_03.금융공학,확률분포함수,1134,1.2,77
1017,파이낸스 전체,투자서적,1151,1.2,77
1018,005.머신러닝,BAGGING,1226,1.2,77
1019,003.파이썬,아나콘다파이썬,1408,1.2,77
1020, 영상 제작/편집_4.포토샵,유튜브배경사진,1713,1.2,77
1021, 금융공학/퀀트_01.파이썬기본&자동화,판다스,2053,1.2,77
1022,파이썬을 통한 금융 데이터 수집과 분석 자동화 16기,NUMPY,2455,1.2,77
1023,마케팅 전체,마케팅배우기,2815,1.2,77
1024, 금융공학/퀀트_01.파이썬기본&자동화,PICKLE,3097,1.2,77
1025, 1인 쇼핑몰 시작하기_03.결제시스템,나이스결제대행,3141,1.2,77
1026, 업무자동화_3. 엑셀,엑셀참조,3467,1.2,77
1027, 금융공학/퀀_03.금융공학,결합확률분포,3554,1.2,77
1028, 리더를 위한 HR/인재경영_1.인재,회사분위기,3599,1.2,77
1029,6.  컴퓨터구조,기계어,3768,1.2,77
1030, 업무자동화_3. 엑셀,엑셀회귀분석,4496,1.2,77
1031,data_camp_rmp_8,LINEARREGRESSION,4546,1.2,77
1032,6.  컴퓨터구조,캐시메모리,4691,1.2,77
1033,006.딥러닝,딥마인드,5715,1.2,77
1034, 업무자동화_3. 엑셀,외부참조,6048,1.2,77
1035, 금융공학/퀀_03.금융공학,선형회귀,6078,1.2,77
1036, 업무자동화_3. 엑셀,엑셀피벗,6311,1.2,77
1037,005.머신러닝,로지스틱,6645,1.2,77
1038, 업무자동화_3. 엑셀,엑셀INDIRECT,6767,1.2,77
1039, 업무자동화_3. 엑셀,엑셀카운트,6804,1.2,77
1040, 금융공학/퀀_03.금융공학,중심극한정리,7100,1.2,77
1041,7. 운영체제,파일시스템,7129,1.2,77
1042,리눅스 인프라,KERNEL,7546,1.2,77
1043, 업무자동화_3. 엑셀,INDEXMATCH,7678,1.2,77
1044, 그로스해킹_1.용어,객단가,7716,1.2,77
1045, 금융공학/퀀_02.R활용금융데이터분석,제어문,9578,1.2,77
1046,4. 웹의 동작,IPV4,9811,1.2,77
1047, 업무자동화_3. 엑셀,엑셀빼기,10572,1.2,77
1048, 금융공학/퀀_03.금융공학,확률밀도함수,11530,1.2,77
1049, 업무자동화_3. 엑셀,엑셀행열바꾸기,12350,1.2,77
1050, 업무자동화_3. 엑셀,INDIRECT,13910,1.2,77
1051, 업무자동화_3. 엑셀,COUNTIF함수,14653,1.2,77
1052,리눅스 인프라,커널,17843,1.2,77
1053, 금융공학/퀀트_01.파이썬기본&자동화,SQLITE,19367,1.2,77
1054, 업무자동화_3. 엑셀,엑셀합계,20733,1.2,77
1055,파이썬을 통한 금융 데이터 수집과 분석 자동화 16기,BEAUTIFULSOUP,1125,1.2,66
1056,웹 프로그래밍 스쿨 10기_기존 키워드,DJANGO,1848,1.2,66
1057,프로그래밍 전체,AR책,1001,0.0,0
1058,005.머신러닝,기계학습,1008,0.0,0
1059,SEO/SEM 전략,검색광고,1009,0.0,0
1060,AOP 전체_중복키워드_디자인,인디자인기초,1017,0.0,0
1061,3. html,HTML기본,1018,0.0,0
1062,JavaScript BOOT CAMP,자바스크립트오류,1021,0.0,0
1063,타이포그래피와 편집디자인,책만들기,1025,0.0,0
1064,007.빅데이터,비정형데이터,1029,0.0,0
1065, 업무자동화_2. 파이썬,파이썬클래스,1029,0.0,0
1066,#000_마케팅 전체_main,페북광고,1031,0.0,0
1067,1. 코딩,코딩시험,1040,0.0,0
1068,머신러닝을 위한 선형대수학,라플라스변환,1041,0.0,0
1069,007.빅데이터,스토리지,1055,0.0,0
1070,데이터 사이언스 전체,데이터분석가,1075,0.0,0
1071,3. html,HTMLFORM,1075,0.0,0
1072,2. C언어 일반,C++CLASS,1080,0.0,0
1073, 그로스해킹_5.마케팅 분석,매출분석,1084,0.0,0
1074,Python & Django를 활용한 웹 서비스_일반,IAAS,1085,0.0,0
1075,타이포그래피와 편집디자인,페인터,1092,0.0,0
1076,프로그래밍 전체,CSS,1092,0.0,0
1077, 금융공학/퀀_03.금융공학,ROC곡선,1092,0.0,0
1078,AOP 전체_중복키워드_디자인,인디자인클리핑마스크,1095,0.0,0
1079,ㅍAOP 전체_중복키워드_디자인(삭제),포토샵7.0한글판,1104,0.0,0
1080, 금융공학/퀀_03.금융공학,벡터연산,1104,0.0,0
1081,1. 경영 일반,경영이론,1107,0.0,0
1082,ㅍ1. 전체,영상에자막넣기,1108,0.0,0
1083,8. 시스템 프로그래밍,리눅스서버,1109,0.0,0
1084,8. 시스템 프로그래밍,리눅스운영체제,1110,0.0,0
1085, 금융공학/퀀_03.금융공학,내재변동성,1114,0.0,0
1086, 영상 제작/편집_4.포토샵,유튜브배경,1115,0.0,0
1087,OpenCV와 함께하는 컴퓨터 비전 프로그래밍,VISUALC++,1121,0.0,0
1088,Python & Django를 활용한 웹 서비스_일반,ANNOTATE,1121,0.0,0
1089,007.빅데이터,DATAWAREHOUSE,1122,0.0,0
1090, 업무자동화_2. 파이썬,파이썬함수,1123,0.0,0
1091,마케팅 전체,SEM,1124,0.0,0
1092,#000_마케팅 전체_main,SNS이벤트,1131,0.0,0
1093,fin_camp_modeling_15,의사결정,1137,0.0,0
1094,AOP 전체_중복키워드_비지니스,엑셀데이터분석,1138,0.0,0
1095,3. 파이썬,파이썬연산자,1140,0.0,0
1096, 금융공학/퀀트_01.파이썬기본&자동화,파이썬PANDAS,1145,0.0,0
1097,리눅스 인프라,REDHAT,1148,0.0,0
1098,머신러닝을 위한 선형대수학,정규분포,1149,0.0,0
1099,6_스타트업 M&A에 대한 단상(스타트업),스타트업면접,1158,0.0,0
1100, 업무자동화_2. 파이썬,파이썬딕셔너리,1159,0.0,0
1101,002.R,R코드,1164,0.0,0
1102,프로그래밍 전체,안드로이드스터디,1166,0.0,0
1103,ㅍAOP 전체_중복키워드_디자인(삭제),포토샵PNG,1166,0.0,0
1104, 업무자동화_3. 엑셀,엑셀합,1167,0.0,0
1105,리눅스 인프라,리눅스설치,1172,0.0,0
1106,크리에이티브 전체,포토샵블로그,1176,0.0,0
1107,크리에이티브 전체,디자인책,1177,0.0,0
1108,8. 시스템 프로그래밍,시스템콜,1177,0.0,0
1109, 업무자동화_2. 파이썬,파이썬반복문,1178,0.0,0
1110,data_camp_rmp_8,REGRESSIONANALYSIS,1179,0.0,0
1111,3. html,HTML프로그램,1185,0.0,0
1112,typescript 실전 workshop,리팩토링,1188,0.0,0
1113,딥러닝으로 배우는 병렬처리 CAMP_구버전,AVX,1193,0.0,0
1114,마케터를 위한 데이터 부트캠프,마케팅분석,1195,0.0,0
1115,007.빅데이터,글랜스,1196,0.0,0
1116,AOP 전체_중복키워드_프로그래밍,파이썬함수,1198,0.0,0
1117,딥러닝으로 배우는 병렬처리 CAMP_구버전,TITANX,1200,0.0,0
1118,ㅍAOP 전체_중복키워드_디자인(삭제),포토샵누끼따기,1206,0.0,0
1119,6. 파이썬,파이썬스터디,1207,0.0,0
1120, 그로스해킹_5.마케팅 분석,구매전환율,1212,0.0,0
1121,딥러닝으로 배우는 병렬처리 CAMP_구버전,SSE,1214,0.0,0
1122,프로그래밍 유치원,삼성SCSA,1225,0.0,0
1123,8. 시스템 프로그래밍,POSIX,1226,0.0,0
1124,Vue로 구현하는 PWA CAMP,GRUNT,1230,0.0,0
1125,007.빅데이터,대용량클라우드,1231,0.0,0
1126,ㅍAOP 전체_중복키워드_디자인(삭제),포토샵무료다운,1239,0.0,0
1127, 업무자동화_3. 엑셀,엑셀HLOOKUP,1248,0.0,0
1128,005.머신러닝,데이터전처리,1250,0.0,0
1129, 리더를 위한 HR/인재경영_3.온보딩,온보딩,1262,0.0,0
1130,머신러닝을 위한 선형대수학,다항식,1266,0.0,0
1131,#000_마케팅 전체_main,모바일광고,1278,0.0,0
1132,7. 운영체제,VIRTUALMACHINE,1286,0.0,0
1133,ㅍAOP 전체_중복키워드_디자인(삭제),인디자인페이지번호,1291,0.0,0
1134,구글 광고,모바일배너광고,1293,0.0,0
1135,비즈니스 전체,엑셀독학,1296,0.0,0
1136, 리더를 위한 HR/인재경영_3.온보딩,채용기준,1296,0.0,0
1137,Python & Django를 활용한 웹 서비스_일반,LOGGING,1315,0.0,0
1138,Python & Django를 활용한 웹 서비스_개발자,PHP개발,1320,0.0,0
1139,1. 전체,마블추천,1320,0.0,0
1140,6_스타트업 M&A에 대한 단상(스타트업),스타트업연봉,1328,0.0,0
1141,마케팅 전체,광고책,1330,0.0,0
1142,007.빅데이터,클라우드서비스,1337,0.0,0
1143,8. 시스템 프로그래밍,리눅스책,1339,0.0,0
1144, 금융공학/퀀트_01.파이썬기본&자동화,아나콘다파이썬,1340,0.0,0
1145, 금융공학/퀀_03.금융공학,점추정,1345,0.0,0
1146,리눅스 인프라,뉴트론,1368,0.0,0
1147,#000_마케팅 전체_main,카카오광고,1373,0.0,0
1148,딥러닝으로 배우는 병렬처리 CAMP_구버전,TITANXP,1373,0.0,0
1149, 디지털 마케팅_인스타광고,인스타그램픽셀,1377,0.0,0
1150, 금융공학/퀀_02.R활용금융데이터분석,R패키지,1382,0.0,0
1151,ㅍAOP 전체_중복키워드_비지니스(삭제),엑셀기초,1385,0.0,0
1152,모바일 앱 GUI 포트폴리오 디자인 LAB,병원어플,1386,0.0,0
1153,data_camp_pcda_3,파이썬에디터,1388,0.0,0
1154, 파이썬 웹 개발_2.프론트엔드기초,부트스트랩,1393,0.0,0
1155,AOP 전체_중복키워드_프로그래밍,웹크롤링,1421,0.0,0
1156,006.딥러닝,딥페이스,1423,0.0,0
1157,001.BASIC DESIGN,어도비일러스트,1426,0.0,0
1158,건강한 조직을 만드는 HR 전략 WORKSHOP,인사전략,1436,0.0,0
1159,서비스 기획 스쿨 5기_구글 연관검색어,웹사이트기획,1436,0.0,0
1160, UX/UI 디자인 입문_연관검색어,GUI,1437,0.0,0
1161,파이낸스 전체,기업가치,1461,0.0,0
1162,1. 전체,포토샵기능,1469,0.0,0
1163, 파이썬 웹 개발_4.Django,DOCKER,1476,0.0,0
1164, 영상 제작/편집_2.영상제작이론,영상프레임,1491,0.0,0
1165,007.빅데이터,크로센트,1492,0.0,0
1166,#000_마케팅 전체_main,CPS,1503,0.0,0
1167,1_벤처캐피탈에 대한 이해(벤처캐피탈),공모펀드,1508,0.0,0
1168,5. 자료구조,후위표기법,1516,0.0,0
1169,1_벤처캐피탈에 대한 이해(벤처캐피탈),벨류에이션,1518,0.0,0
1170, 업무자동화_3. 엑셀,엑셀테이블,1525,0.0,0
1171,리눅스 인프라,KEYSTONE,1527,0.0,0
1172, 업무자동화_1. 자동화,인스타그램해시태그검색,1551,0.0,0
1173,타이포그래피와 편집디자인,한글폰트제작,1554,0.0,0
1174,1. 전체,GUI,1561,0.0,0
1175, 업무자동화_3. 엑셀,CONCAT,1572,0.0,0
1176,#000_마케팅 전체_main,CPC,1594,0.0,0
1177, 업무자동화_3. 엑셀,카운트이프,1601,0.0,0
1178, 파이썬 웹 개발_2.프론트엔드기초,GITHUB,1601,0.0,0
1179,005.머신러닝,텐서플로우설치,1602,0.0,0
1180,프로그래밍 전체,자바책,1604,0.0,0
1181, 금융공학/퀀_02.R활용금융데이터분석,R기초,1606,0.0,0
1182,#000_마케팅 전체_main,마케팅전략,1617,0.0,0
1183,003.파이썬,파이썬책,1635,0.0,0
1184,6. 파이썬,파이썬예제,1656,0.0,0
1185, 업무자동화_3. 엑셀,RANDBETWEEN,1671,0.0,0
1186,ㅍAOP 전체_중복키워드_디자인(삭제),포토샵도형,1691,0.0,0
1187, 금융공학/퀀트_01.파이썬기본&자동화,NUMPY,1705,0.0,0
1188,data_camp_rmp_8,골프존GLM,1713,0.0,0
1189, 업무자동화_2. 파이썬,파이썬GUI,1750,0.0,0
1190, 영상 제작/편집_8.파이널컷 프로,유튜브인트로만들기,1757,0.0,0
1191, 영상 제작/편집_6.프리미어프로,프리미어영상,1768,0.0,0
1192,1. 전체,마블책,1772,0.0,0
1193,다함께 DDD 프로젝트,JPA,1776,0.0,0
1194,#000_마케팅 전체_main,인터넷마케팅,1780,0.0,0
1195,#000_마케팅 전체_main,인스타그램홍보,1783,0.0,0
1196, 콘텐츠 마케팅_대표키워드,컨텐츠디자인,1794,0.0,0
1197,007.빅데이터,레드햇,1802,0.0,0
1198,Python & Django를 활용한 웹 서비스_일반,미들웨어,1807,0.0,0
1199, 금융공학/퀀트_01.파이썬기본&자동화,파이썬NUMPY,1816,0.0,0
1200,fin_camp_modeling_15,DCF,1817,0.0,0
1201,AOP 전체_중복키워드_디자인,인디자인PDF,1824,0.0,0
1202,AOP 전체_중복키워드_디자인,포토샵1급,1827,0.0,0
1203, 업무자동화_2. 파이썬,파이썬WHILE,1832,0.0,0
1204, 그로스해킹_2.그로스해킹,CLV,1841,0.0,0
1205,fin_camp_feasibilitystudy_18,수요예측,1857,0.0,0
1206, 업무자동화_3. 엑셀,엑셀범위,1878,0.0,0
1207,ㅍAOP 전체_중복키워드_디자인(삭제),포토샵마스크,1884,0.0,0
1208,1. 모바일앱개발_세부,코틀린,1889,0.0,0
1209, 디지털 마케팅_1. 디지털 마케팅,소셜마케팅,1891,0.0,0
1210,1. 전체,포토샵기본,1891,0.0,0
1211,다함께 DDD 프로젝트,스프링부트,1913,0.0,0
1212, 콘텐츠 마케팅_대표키워드,브랜드자산,1918,0.0,0
1213, 콘텐츠 마케팅_대표키워드,콘텐츠마케터,1919,0.0,0
1214,fin_camp_rfs_9,상권분석,1928,0.0,0
1215, 업무자동화_3. 엑셀,엑셀RIGHT,1958,0.0,0
1216, 영상 제작/편집_4.포토샵,유튜브아이콘,1961,0.0,0
1217,7. 운영체제,멀티쓰레드,1969,0.0,0
1218, 업무자동화_3. 엑셀,절대참조,1981,0.0,0
1219,Hyperledger Fabric 프로젝트 CAMP,HFC,1990,0.0,0
1220,3_기업가치평가 방법론,재무학,1991,0.0,0
1221,006.딥러닝,RBM,1993,0.0,0
1222,리눅스 인프라,신더,2006,0.0,0
1223,Python & Django를 활용한 웹 서비스_일반,PYCHARM,2013,0.0,0
1224,1. 경영 일반,경영학책,2047,0.0,0
1225, 업무자동화_3. 엑셀,엑셀스파크라인,2055,0.0,0
1226, 금융공학/퀀_02.R활용금융데이터분석,백테스팅,2073,0.0,0
1227,3_기업가치평가 방법론,기업가치평가,2076,0.0,0
1228,8. 시스템 프로그래밍,리눅스커널,2119,0.0,0
1229,ㅍ1. 전체,포토샵책,2127,0.0,0
1230,fin_camp_business_4,손익계산서,2136,0.0,0
1231,AOP 전체_중복키워드_디자인,일러스트레이터자격증,2140,0.0,0
1232,OpenCV와 함께하는 컴퓨터 비전 프로그래밍,C++,2167,0.0,0
1233, 업무자동화_3. 엑셀,RAND함수,2180,0.0,0
1234,typescript 실전 workshop,JAVASCRIPT,2200,0.0,0
1235, 업무자동화_3. 엑셀,엑셀COUNTIFS,2208,0.0,0
1236,실전 웹/앱 프로젝트 기획,RFP,2217,0.0,0
1237, 금융공학/퀀트_01.파이썬기본&자동화,SW코딩,2218,0.0,0
1238,6.  컴퓨터구조,컴퓨터구성,2225,0.0,0
1239,실전 웹/앱 프로젝트 기획,웹디자인,2259,0.0,0
1240,실전 웹/앱 프로젝트 기획,웹사이트기획,2289,0.0,0
1241, 리더를 위한 HR/인재경영_2.리더십,리더의역할,2291,0.0,0
1242,크리에이티브 전체,앱디자인,2300,0.0,0
1243,ㅍAOP 전체_중복키워드_디자인(삭제),일러스트레이터CS6,2300,0.0,0
1244,2_투자유치를 위한 사업계획서 작성(투자유치),수익모델,2313,0.0,0
1245, 영상 제작/편집_4.포토샵,유튜브사진,2320,0.0,0
1246,002.UX/UI,WIREFRAME,2352,0.0,0
1247,리눅스 인프라,키스톤,2375,0.0,0
1248, 업무자동화_3. 엑셀,엑셀중복,2408,0.0,0
1249,typescript 실전 workshop,클린코드,2412,0.0,0
1250, 업무자동화_2. 파이썬,CRON,2422,0.0,0
1251, 업무자동화_4. VBA,DOWHILE,2476,0.0,0
1252,#000_마케팅 전체_main,인터넷광고,2483,0.0,0
1253,AOP 전체_중복키워드_디자인,포토샵PNG,2507,0.0,0
1254,3_기업가치평가 방법론,기업가치,2520,0.0,0
1255,#000_마케팅 전체_main,배너광고,2551,0.0,0
1256,포토샵 유치원_일러스트레이터 유치원,드로잉기초,2563,0.0,0
1257, 업무자동화_2. 파이썬,튜플,2569,0.0,0
1258, 리더를 위한 HR/인재경영_1.인재,핵심인재,2582,0.0,0
1259, 업무자동화_3. 엑셀,자동필터,2608,0.0,0
1260, 업무자동화_3. 엑셀,엑셀LEFT,2630,0.0,0
1261,6.  컴퓨터구조,컴퓨터명령어,2655,0.0,0
1262,6.  컴퓨터구조,피연산자,2666,0.0,0
1263, 금융공학/퀀트_01.파이썬기본&자동화,파일입출력,2721,0.0,0
1264,002.UX/UI,비주얼싱킹,2725,0.0,0
1265, 업무자동화_3. 엑셀,유효성검사,2769,0.0,0
1266, 금융공학/퀀_03.금융공학,상관분석,2787,0.0,0
1267,6_스타트업 M&A에 대한 단상(스타트업),스타트업투자,2837,0.0,0
1268,딥러닝으로 배우는 병렬처리 CAMP_구버전,쿠다,2850,0.0,0
1269,3. html,HTML코드,2859,0.0,0
1270,1. 모바일앱개발_세부,안드로이드앱,2859,0.0,0
1271,typescript 실전 workshop,VISUALSTUDIOCODE,2915,0.0,0
1272,Vue로 구현하는 PWA CAMP,OSI,2968,0.0,0
1273,#000_마케팅 전체_main,검색광고마케터,2979,0.0,0
1274,리눅스 인프라,네트워크설정,2993,0.0,0
1275,AOP 전체_중복키워드_디자인,인디자인페이지번호,3024,0.0,0
1276,3. html,HTML동영상,3064,0.0,0
1277, 업무자동화_3. 엑셀,엑셀OFFSET,3094,0.0,0
1278,007.빅데이터,SAAS,3133,0.0,0
1279,리눅스 인프라,아이덴티티,3171,0.0,0
1280, 업무자동화_3. 엑셀,엑셀FIND,3200,0.0,0
1281, 1인 쇼핑몰 시작하기_03.결제시스템,나이스페이,3223,0.0,0
1282,Python & Django를 활용한 웹 서비스_일반,SAAS,3266,0.0,0
1283,파이낸스 전체,회계,3269,0.0,0
1284, 업무자동화_3. 엑셀,엑셀MATCH,3283,0.0,0
1285,포토샵 유치원_일러스트레이터 유치원,커뮤니케이션디자인,3342,0.0,0
1286,타이포그래피와 편집디자인,타이포그래피,3343,0.0,0
1287, 영상 제작/편집_2.영상제작이론,영상콘티,3347,0.0,0
1288, 금융공학/퀀트_01.파이썬기본&자동화,예외처리,3389,0.0,0
1289,iOS 개발 스쿨 9기_기존 키워드,XCODE,3397,0.0,0
1290,Python & Django를 활용한 웹 서비스_일반,애저,3428,0.0,0
1291,AOP 전체_중복키워드_데이터사이언스,빅데이터분석,3481,0.0,0
1292,ㅍAOP 전체_중복키워드_마케팅(삭제),GA,3486,0.0,0
1293,3. 파이썬,파이참설치,3544,0.0,0
1294, 업무자동화_3. 엑셀,엑셀SUMIFS,3545,0.0,0
1295, 금융공학/퀀_03.금융공학,기술통계,3566,0.0,0
1296,파이낸스 전체,부동산기초,3580,0.0,0
1297, 업무자동화_3. 엑셀,엑셀병합,3621,0.0,0
1298,리눅스 인프라,DOCKER,3630,0.0,0
1299,002.R,깃,3684,0.0,0
1300, 업무자동화_3. 엑셀,엑셀카운트이프,3704,0.0,0
1301,007.빅데이터,HPE,3710,0.0,0
1302,AOP 전체_중복키워드_디자인,포토샵도형,3728,0.0,0
1303,파이낸스 전체,회계책,3742,0.0,0
1304, 업무자동화_1. 자동화,트위터자동,3779,0.0,0
1305, 업무자동화_3. 엑셀,엑셀MID,3901,0.0,0
1306,SEO/SEM 전략,네이버검색광고,3958,0.0,0
1307,머신러닝을 위한 선형대수학,벡터,4013,0.0,0
1308,ㅍAOP 전체_중복키워드_디자인(삭제),그래픽디자이너,4179,0.0,0
1309,프로그래밍 전체,게임블로그,4183,0.0,0
1310,AOP 전체_중복키워드_디자인,포토샵마스크,4252,0.0,0
1311, 업무자동화_3. 엑셀,브이룩업,4277,0.0,0
1312,007.빅데이터,VLAN,4331,0.0,0
1313, 업무자동화_3. 엑셀,OFFSET함수,4334,0.0,0
1314,AOP 전체_중복키워드_디자인,포토샵누끼따기,4397,0.0,0
1315,AOP 전체_중복키워드_마케팅,브랜드전략,4398,0.0,0
1316,007.빅데이터,AZURE,4405,0.0,0
1317, 금융공학/퀀_03.금융공학,분산분석,4555,0.0,0
1318,1. 경영 일반,경영책,4602,0.0,0
1319,typescript 실전 workshop,자바스크립트,4625,0.0,0
1320,포토샵 유치원_일러스트레이터 유치원,시각디자인,4703,0.0,0
1321, 업무자동화_3. 엑셀,엑셀다중조건,4774,0.0,0
1322,001.BASIC DESIGN,어도비포토샵CS6,4844,0.0,0
1323, 업무자동화_3. 엑셀,엑셀INDEX,4877,0.0,0
1324, 금융공학/퀀_03.금융공학,가설검정,4893,0.0,0
1325,8. 시스템 프로그래밍,우분투리눅스,4924,0.0,0
1326,007.빅데이터,애저,4925,0.0,0
1327, 업무자동화_3. 엑셀,엑셀원형그래프,5055,0.0,0
1328,4_벤처캐피탈 투자계약(벤처 투자),투자계약,5232,0.0,0
1329, 업무자동화_1. 자동화,인스타그램자동,5237,0.0,0
1330, 업무자동화_3. 엑셀,RAND,5331,0.0,0
1331, 업무자동화_3. 엑셀,엑셀표시형식,5557,0.0,0
1332,타이포그래피와 편집디자인,회사소개서,5592,0.0,0
1333,Java 웹 프로그래밍 마스터 4기 : 3개월,자바,5758,0.0,0
1334,ㅍAOP 전체_중복키워드_데이터사이언스(삭제),빅데이터분석,5814,0.0,0
1335,ㅍ1. 전체,GUI,5839,0.0,0
1336, 리더를 위한 HR/인재경영_1.인재,노동생산성,5869,0.0,0
1337,ㅍ1. 전체,포토샵CC2018크랙,5871,0.0,0
1338, 업무자동화_2. 파이썬,IFRAME,6061,0.0,0
1339,파이낸스 전체,가치투자,6106,0.0,0
1340,1. 일반_MO,UNITY,6170,0.0,0
1341,비즈니스 전체,엑셀책,6333,0.0,0
1342,ㅍAOP 전체_중복키워드_디자인(삭제),포토샵CS5,6336,0.0,0
1343, 업무자동화_3. 엑셀,엑셀SUM,6431,0.0,0
1344,개발자와 협업하는 디자이너를 위한 실무 역량 강화,플로우차트,6619,0.0,0
1345, 업무자동화_3. 엑셀,엑셀유효성검사,6755,0.0,0
1346, 업무자동화_3. 엑셀,HLOOKUP,6871,0.0,0
1347,typescript 실전 workshop,ANGULAR,7049,0.0,0
1348, 업무자동화_3. 엑셀,엑셀COUNTIF,7393,0.0,0
1349, 업무자동화_3. 엑셀,엑셀카운트함수,7393,0.0,0
1350, 업무자동화_3. 엑셀,엑셀기본,7647,0.0,0
1351, 업무자동화_3. 엑셀,엑셀변환,7732,0.0,0
1352, 업무자동화_3. 엑셀,엑셀브이룩업,7756,0.0,0
1353, 업무자동화_3. 엑셀,엑셀SUMIF,7814,0.0,0
1354,AOP 전체_중복키워드_마케팅,마케팅분석,7967,0.0,0
1355, 업무자동화_3. 엑셀,엑셀IFERROR,8214,0.0,0
1356, 그로스해킹_5.마케팅 분석,키워드분석,8693,0.0,0
1357, 금융공학/퀀트_01.파이썬기본&자동화,CDMA,8784,0.0,0
1358, 업무자동화_3. 엑셀,엑셀고급필터,8792,0.0,0
1359, 업무자동화_3. 엑셀,IFERROR함수,8864,0.0,0
1360,typescript 실전 workshop,생활코딩,8952,0.0,0
1361, 그로스해킹_5.마케팅 분석,사이트순위,9282,0.0,0
1362,6.  컴퓨터구조,어셈블리어,9622,0.0,0
1363, 업무자동화_3. 엑셀,INDEX함수,9715,0.0,0
1364, 업무자동화_1. 자동화,IFRAME,10121,0.0,0
1365,리눅스 인프라,SDN,10405,0.0,0
1366, 업무자동화_3. 엑셀,엑셀INDEXMATCH,10486,0.0,0
1367, 금융공학/퀀트_01.파이썬기본&자동화,XLSX,10574,0.0,0
1368,리눅스 인프라,HORIZON,10620,0.0,0
1369,Python & Django를 활용한 웹 서비스_일반,AZURE,12898,0.0,0
1370, 업무자동화_3. 엑셀,엑셀IF,15893,0.0,0
1371,7. 운영체제,가상머신,16605,0.0,0
1372,파이낸스 전체,부동산책,16722,0.0,0
1373,ㅍ UX/UI 디자인 입문_연관검색어(삭제),VD,17504,0.0,0
1374,AOP 전체_중복키워드_디자인,포토샵단축키,18818,0.0,0
1375, 업무자동화_3. 엑셀,SUMIF,23549,0.0,0
1376, 업무자동화_3. 엑셀,엑셀셀서식,24016,0.0,0
1377, 업무자동화_3. 엑셀,MATCH,32287,0.0,0
1378,마케팅KPI수립,LTV,32602,0.0,0
1379,data_camp_rmp_8,DECISION,60844,0.0,0
1380,4. 웹의 동작,REST,61193,0.0,0
